{"stats":{"minecraft:custom":{"minecraft:time_since_rest":15701,"minecraft:open_chest":31,"minecraft:play_time":15701,"minecraft:sprint_one_cm":10946,"minecraft:damage_taken":101,"minecraft:walk_one_cm":17233,"minecraft:sneak_time":2,"minecraft:mob_kills":1,"minecraft:interact_with_anvil":2,"minecraft:jump":71,"minecraft:damage_dealt":200,"minecraft:leave_game":1,"minecraft:time_since_death":15701,"minecraft:traded_with_villager":326,"minecraft:total_world_time":15701,"minecraft:interact_with_crafting_table":1,"minecraft:talked_to_villager":13,"minecraft:fall_one_cm":2721,"minecraft:fly_one_cm":9944},"minecraft:picked_up":{"minecraft:rotten_flesh":1},"minecraft:killed":{"minecraft:zombie":1},"minecraft:used":{"minecraft:diamond_chestplate":1,"minecraft:spruce_leaves":1,"minecraft:diamond_boots":1,"minecraft:golden_carrot":1,"minecraft:diamond_helmet":1,"minecraft:diamond_axe":2,"minecraft:diamond_leggings":1,"minecraft:experience_bottle":42},"minecraft:crafted":{"minecraft:emerald":284,"minecraft:emerald_block":37,"minecraft:spruce_planks":4328,"minecraft:stick":8656,"minecraft:experience_bottle":42}},"DataVersion":3839}