{"stats":{"minecraft:mined":{"minecraft:deepslate_diamond_ore":8,"minecraft:crafting_table":3,"minecraft:short_grass":3,"minecraft:deepslate_gold_ore":9,"minecraft:sugar_cane":2,"minecraft:furnace":2,"minecraft:birch_log":7,"minecraft:iron_ore":28,"minecraft:andesite":1,"minecraft:peony":11,"minecraft:oak_log":27,"minecraft:coal_ore":57,"minecraft:deepslate_iron_ore":35,"minecraft:dripstone_block":1,"minecraft:stone":25,"minecraft:gold_ore":5,"minecraft:oak_leaves":7,"minecraft:deepslate":23},"minecraft:killed":{"minecraft:pig":2,"minecraft:salmon":2,"minecraft:spider":1,"minecraft:skeleton":7,"minecraft:zombie":2,"minecraft:chicken":5},"minecraft:custom":{"minecraft:interact_with_furnace":10,"minecraft:mob_kills":21,"minecraft:interact_with_crafting_table":8,"minecraft:leave_game":3,"minecraft:time_since_death":2931,"minecraft:time_since_rest":2986,"minecraft:sprint_one_cm":190410,"minecraft:damage_taken":1137,"minecraft:walk_one_cm":92531,"minecraft:damage_blocked_by_shield":1675,"minecraft:drop":2,"minecraft:damage_dealt":3256,"minecraft:swim_one_cm":39108,"minecraft:fly_one_cm":146047,"minecraft:crouch_one_cm":1407,"minecraft:play_time":44979,"minecraft:deaths":3,"minecraft:sneak_time":582,"minecraft:walk_under_water_one_cm":6027,"minecraft:jump":784,"minecraft:walk_on_water_one_cm":21876,"minecraft:total_world_time":44979,"minecraft:fall_one_cm":28258},"minecraft:dropped":{"minecraft:wheat_seeds":1,"minecraft:dripstone_block":1},"minecraft:used":{"minecraft:stone_pickaxe":61,"minecraft:wooden_pickaxe":18,"minecraft:shield":31,"minecraft:cooked_salmon":2,"minecraft:cooked_chicken":2,"minecraft:torch":15,"minecraft:crafting_table":3,"minecraft:wooden_axe":34,"minecraft:iron_pickaxe":116,"minecraft:stone_axe":31,"minecraft:furnace":2,"minecraft:cooked_porkchop":3,"minecraft:andesite":1,"minecraft:egg":1,"minecraft:cobbled_deepslate":20},"minecraft:picked_up":{"minecraft:wooden_axe":1,"minecraft:birch_log":14,"minecraft:crafting_table":4,"minecraft:feather":8,"minecraft:chicken":8,"minecraft:andesite":1,"minecraft:salmon":2,"minecraft:wooden_pickaxe":1,"minecraft:oak_log":27,"minecraft:shield":1,"minecraft:string":5,"minecraft:cooked_salmon":2,"minecraft:bone":13,"minecraft:bow":3,"minecraft:wheat_seeds":1,"minecraft:cobbled_deepslate":23,"minecraft:raw_gold":19,"minecraft:stone_pickaxe":1,"minecraft:cooked_chicken":2,"minecraft:iron_pickaxe":1,"minecraft:sugar_cane":12,"minecraft:oak_planks":73,"minecraft:egg":1,"minecraft:furnace":3,"minecraft:stick":6,"minecraft:raw_iron":73,"minecraft:cooked_porkchop":1,"minecraft:dripstone_block":3,"minecraft:porkchop":3,"minecraft:spider_eye":1,"minecraft:arrow":10,"minecraft:rotten_flesh":1,"minecraft:diamond":8,"minecraft:stone_axe":1,"minecraft:peony":22,"minecraft:oak_sapling":4,"minecraft:coal":103,"minecraft:cobblestone":34},"minecraft:killed_by":{"minecraft:skeleton":1,"minecraft:creeper":1,"minecraft:spider":1},"minecraft:crafted":{"minecraft:oak_planks":108,"minecraft:cooked_porkchop":3,"minecraft:crafting_table":1,"minecraft:wooden_pickaxe":1,"minecraft:cooked_chicken":2,"minecraft:furnace":1,"minecraft:cooked_salmon":2,"minecraft:stone_axe":1,"minecraft:air":0,"minecraft:shield":1,"minecraft:stick":16,"minecraft:iron_ingot":4,"minecraft:iron_pickaxe":1,"minecraft:stone_pickaxe":1,"minecraft:wooden_axe":1,"minecraft:torch":32}},"DataVersion":3839}