{"stats":{"minecraft:broken":{"minecraft:stone_pickaxe":1,"minecraft:shield":1,"minecraft:stone_axe":1},"minecraft:picked_up":{"minecraft:wooden_axe":1,"minecraft:iron_chestplate":1,"minecraft:crafting_table":15,"minecraft:chainmail_boots":2,"minecraft:chicken":8,"minecraft:diamond_sword":3,"minecraft:wooden_pickaxe":2,"minecraft:gold_block":15,"minecraft:shield":2,"minecraft:string":61,"minecraft:raw_copper":6,"minecraft:iron_axe":4,"minecraft:cooked_salmon":2,"minecraft:iron_leggings":2,"minecraft:blackstone":34,"minecraft:diamond_leggings":3,"minecraft:cobbled_deepslate":74,"minecraft:beef":5,"minecraft:poppy":4,"minecraft:iron_pickaxe":1,"minecraft:lectern":1,"minecraft:sugar_cane":12,"minecraft:egg":1,"minecraft:furnace":6,"minecraft:stick":99,"minecraft:raw_iron":206,"minecraft:torch":1,"minecraft:porkchop":3,"minecraft:polished_blackstone_bricks":13,"minecraft:pointed_dripstone":14,"minecraft:diorite":30,"minecraft:stone_sword":2,"minecraft:arrow":41,"minecraft:rotten_flesh":12,"minecraft:peony":22,"minecraft:diamond_boots":1,"minecraft:hay_block":7,"minecraft:iron_block":2,"minecraft:mutton":17,"minecraft:obsidian":27,"minecraft:white_wool":8,"minecraft:cobblestone":218,"minecraft:birch_log":14,"minecraft:feather":8,"minecraft:basalt":1,"minecraft:magma_cream":18,"minecraft:golden_carrot":130,"minecraft:andesite":11,"minecraft:salmon":2,"minecraft:leather":3,"minecraft:tuff":2,"minecraft:oak_log":67,"minecraft:gunpowder":1,"minecraft:lapis_lazuli":37,"minecraft:dirt":25,"minecraft:bone":27,"minecraft:bow":5,"minecraft:wheat_seeds":1,"minecraft:raw_gold":28,"minecraft:iron_ingot":10,"minecraft:stone_pickaxe":2,"minecraft:cooked_chicken":2,"minecraft:diamond_helmet":1,"minecraft:iron_sword":2,"minecraft:oak_planks":99,"minecraft:book":18,"minecraft:cooked_porkchop":1,"minecraft:sweet_berries":2,"minecraft:dripstone_block":4,"minecraft:gravel":21,"minecraft:spruce_sapling":89,"minecraft:white_bed":10,"minecraft:spruce_log":794,"minecraft:spider_eye":5,"minecraft:diamond":30,"minecraft:stone_axe":4,"minecraft:granite":3,"minecraft:cracked_polished_blackstone_bricks":40,"minecraft:crossbow":4,"minecraft:diamond_axe":3,"minecraft:gray_wool":1,"minecraft:oak_sapling":6,"minecraft:netherrack":213,"minecraft:coal":256,"minecraft:crimson_roots":6,"minecraft:diamond_pickaxe":3},"minecraft:crafted":{"minecraft:oak_planks":248,"minecraft:redstone":32,"minecraft:cooked_chicken":2,"minecraft:furnace":3,"minecraft:cooked_mutton":7,"minecraft:diamond_helmet":1,"minecraft:diamond_leggings":1,"minecraft:iron_boots":1,"minecraft:stone_pickaxe":4,"minecraft:chest":2,"minecraft:diamond_boots":1,"minecraft:wheat":63,"minecraft:cooked_beef":5,"minecraft:diamond_sword":1,"minecraft:emerald":216,"minecraft:cooked_porkchop":3,"minecraft:diamond_axe":1,"minecraft:crafting_table":3,"minecraft:spruce_planks":3176,"minecraft:wooden_pickaxe":4,"minecraft:iron_sword":2,"minecraft:cooked_salmon":2,"minecraft:bucket":2,"minecraft:stone_axe":3,"minecraft:bread":21,"minecraft:air":0,"minecraft:iron_chestplate":2,"minecraft:diamond_pickaxe":2,"minecraft:shield":4,"minecraft:stick":6340,"minecraft:iron_ingot":105,"minecraft:iron_pickaxe":3,"minecraft:wooden_axe":1,"minecraft:stone_sword":1,"minecraft:iron_leggings":1,"minecraft:white_bed":3,"minecraft:torch":84,"minecraft:diamond_chestplate":1,"minecraft:golden_carrot":30},"minecraft:killed_by":{"minecraft:piglin_brute":3,"minecraft:creeper":2,"minecraft:spider":1,"minecraft:piglin":2,"minecraft:hoglin":1,"minecraft:skeleton":2,"minecraft:zombie":2},"minecraft:mined":{"minecraft:tuff":2,"minecraft:white_bed":10,"minecraft:deepslate_diamond_ore":30,"minecraft:obsidian":10,"minecraft:granite":3,"minecraft:grass_block":3,"minecraft:crimson_roots":3,"minecraft:cracked_polished_blackstone_bricks":16,"minecraft:spruce_leaves":17,"minecraft:spawner":1,"minecraft:hay_block":7,"minecraft:polished_blackstone_bricks":13,"minecraft:spruce_sapling":1,"minecraft:furnace":5,"minecraft:iron_ore":71,"minecraft:andesite":14,"minecraft:deepslate_lapis_ore":5,"minecraft:peony":11,"minecraft:gold_block":5,"minecraft:bookshelf":6,"minecraft:pointed_dripstone":6,"minecraft:deepslate_iron_ore":125,"minecraft:stone":198,"minecraft:blackstone":41,"minecraft:basalt":1,"minecraft:crafting_table":14,"minecraft:short_grass":3,"minecraft:lectern":1,"minecraft:cobblestone":5,"minecraft:copper_ore":2,"minecraft:deepslate_gold_ore":18,"minecraft:lapis_ore":1,"minecraft:sugar_cane":2,"minecraft:diorite":30,"minecraft:birch_log":7,"minecraft:sweet_berry_bush":1,"minecraft:spruce_log":183,"minecraft:coal_ore":145,"minecraft:oak_log":63,"minecraft:gravel":21,"minecraft:dripstone_block":2,"minecraft:dirt":22,"minecraft:cobweb":47,"minecraft:netherrack":203,"minecraft:gold_ore":5,"minecraft:oak_leaves":51,"minecraft:deepslate":72},"minecraft:custom":{"minecraft:mob_kills":88,"minecraft:interact_with_crafting_table":45,"minecraft:leave_game":10,"minecraft:time_since_death":20421,"minecraft:climb_one_cm":765,"minecraft:sprint_one_cm":916074,"minecraft:walk_one_cm":721658,"minecraft:damage_blocked_by_shield":6617,"minecraft:drop":9,"minecraft:talked_to_villager":61,"minecraft:play_time":258101,"minecraft:deaths":15,"minecraft:sneak_time":9179,"minecraft:walk_under_water_one_cm":22138,"minecraft:jump":4758,"minecraft:interact_with_blast_furnace":1,"minecraft:walk_on_water_one_cm":65986,"minecraft:total_world_time":258101,"minecraft:interact_with_furnace":60,"minecraft:traded_with_villager":249,"minecraft:interact_with_grindstone":2,"minecraft:sleep_in_bed":12,"minecraft:time_since_rest":20441,"minecraft:damage_taken":8451,"minecraft:damage_absorbed":40,"minecraft:damage_dealt":13585,"minecraft:swim_one_cm":104699,"minecraft:fly_one_cm":852378,"minecraft:open_chest":96,"minecraft:crouch_one_cm":24655,"minecraft:fall_one_cm":144528},"minecraft:killed":{"minecraft:cave_spider":3,"minecraft:witch":1,"minecraft:spider":5,"minecraft:skeleton":22,"minecraft:chicken":5,"minecraft:piglin_brute":2,"minecraft:piglin":17,"minecraft:pig":2,"minecraft:salmon":2,"minecraft:creeper":3,"minecraft:sheep":9,"minecraft:zombie":9,"minecraft:ghast":1,"minecraft:cow":4},"minecraft:used":{"minecraft:stone_sword":13,"minecraft:poppy":2,"minecraft:chest":2,"minecraft:shield":105,"minecraft:iron_sword":106,"minecraft:cooked_chicken":2,"minecraft:cooked_salmon":2,"minecraft:rotten_flesh":1,"minecraft:netherrack":206,"minecraft:iron_chestplate":3,"minecraft:torch":58,"minecraft:brewing_stand":1,"minecraft:dirt":71,"minecraft:carrot":5,"minecraft:diamond_helmet":1,"minecraft:tuff":2,"minecraft:wooden_axe":34,"minecraft:iron_boots":2,"minecraft:diamond_chestplate":1,"minecraft:basalt":1,"minecraft:golden_carrot":21,"minecraft:bow":14,"minecraft:furnace":6,"minecraft:oak_sapling":2,"minecraft:egg":1,"minecraft:cooked_beef":2,"minecraft:cobbled_deepslate":30,"minecraft:iron_leggings":4,"minecraft:cooked_mutton":7,"minecraft:water_bucket":24,"minecraft:diorite":3,"minecraft:diamond_boots":2,"minecraft:stone_pickaxe":355,"minecraft:blackstone":28,"minecraft:wooden_pickaxe":99,"minecraft:diamond_axe":31,"minecraft:polished_blackstone_bricks":6,"minecraft:golden_apple":1,"minecraft:crafting_table":14,"minecraft:crossbow":2,"minecraft:white_bed":12,"minecraft:dripstone_block":1,"minecraft:diamond_pickaxe":287,"minecraft:bread":29,"minecraft:cracked_polished_blackstone_bricks":3,"minecraft:iron_pickaxe":292,"minecraft:spruce_sapling":57,"minecraft:stone_axe":293,"minecraft:diamond_sword":8,"minecraft:cobblestone":58,"minecraft:grindstone":1,"minecraft:chainmail_boots":2,"minecraft:cooked_porkchop":3,"minecraft:bucket":25,"minecraft:andesite":6,"minecraft:diamond_leggings":3},"minecraft:dropped":{"minecraft:wheat_seeds":1,"minecraft:dripstone_block":1,"minecraft:crimson_roots":2,"minecraft:polished_blackstone_bricks":3,"minecraft:raw_copper":2,"minecraft:rotten_flesh":2,"minecraft:netherrack":7}},"DataVersion":3839}