{"stats":{"minecraft:custom":{"minecraft:mob_kills":66,"minecraft:interact_with_crafting_table":42,"minecraft:leave_game":7,"minecraft:time_since_death":40789,"minecraft:climb_one_cm":765,"minecraft:sprint_one_cm":599479,"minecraft:walk_one_cm":395737,"minecraft:damage_blocked_by_shield":5716,"minecraft:drop":4,"minecraft:play_time":151554,"minecraft:deaths":8,"minecraft:sneak_time":4159,"minecraft:walk_under_water_one_cm":18640,"minecraft:jump":2926,"minecraft:walk_on_water_one_cm":63472,"minecraft:total_world_time":151554,"minecraft:interact_with_furnace":47,"minecraft:sleep_in_bed":9,"minecraft:time_since_rest":5333,"minecraft:damage_taken":4686,"minecraft:damage_absorbed":40,"minecraft:damage_dealt":10292,"minecraft:swim_one_cm":104699,"minecraft:fly_one_cm":534295,"minecraft:open_chest":28,"minecraft:crouch_one_cm":9760,"minecraft:fall_one_cm":86046},"minecraft:dropped":{"minecraft:wheat_seeds":1,"minecraft:dripstone_block":1,"minecraft:raw_copper":2},"minecraft:mined":{"minecraft:tuff":2,"minecraft:white_bed":9,"minecraft:deepslate_diamond_ore":30,"minecraft:obsidian":10,"minecraft:grass_block":1,"minecraft:spawner":1,"minecraft:hay_block":7,"minecraft:furnace":4,"minecraft:iron_ore":40,"minecraft:andesite":7,"minecraft:deepslate_lapis_ore":5,"minecraft:peony":11,"minecraft:bookshelf":6,"minecraft:pointed_dripstone":6,"minecraft:deepslate_iron_ore":118,"minecraft:stone":122,"minecraft:crafting_table":14,"minecraft:short_grass":3,"minecraft:lectern":1,"minecraft:copper_ore":1,"minecraft:cobblestone":5,"minecraft:lapis_ore":1,"minecraft:deepslate_gold_ore":18,"minecraft:sugar_cane":2,"minecraft:diorite":3,"minecraft:birch_log":7,"minecraft:sweet_berry_bush":1,"minecraft:oak_log":63,"minecraft:coal_ore":127,"minecraft:dripstone_block":2,"minecraft:dirt":2,"minecraft:cobweb":47,"minecraft:gold_ore":5,"minecraft:oak_leaves":51,"minecraft:deepslate":61},"minecraft:used":{"minecraft:stone_sword":13,"minecraft:shield":96,"minecraft:iron_sword":93,"minecraft:cooked_salmon":2,"minecraft:cooked_chicken":2,"minecraft:iron_chestplate":1,"minecraft:torch":58,"minecraft:dirt":10,"minecraft:tuff":2,"minecraft:wooden_axe":34,"minecraft:iron_boots":2,"minecraft:bow":6,"minecraft:furnace":4,"minecraft:oak_sapling":2,"minecraft:egg":1,"minecraft:cooked_beef":2,"minecraft:cobbled_deepslate":30,"minecraft:iron_leggings":2,"minecraft:cooked_mutton":5,"minecraft:water_bucket":18,"minecraft:diorite":3,"minecraft:stone_pickaxe":281,"minecraft:wooden_pickaxe":70,"minecraft:golden_apple":1,"minecraft:crafting_table":13,"minecraft:white_bed":10,"minecraft:dripstone_block":1,"minecraft:diamond_pickaxe":13,"minecraft:bread":29,"minecraft:iron_pickaxe":208,"minecraft:stone_axe":108,"minecraft:cobblestone":58,"minecraft:cooked_porkchop":3,"minecraft:andesite":6,"minecraft:bucket":19},"minecraft:killed":{"minecraft:cave_spider":3,"minecraft:witch":1,"minecraft:spider":5,"minecraft:skeleton":22,"minecraft:chicken":5,"minecraft:pig":2,"minecraft:salmon":2,"minecraft:creeper":3,"minecraft:sheep":7,"minecraft:zombie":9,"minecraft:cow":4},"minecraft:killed_by":{"minecraft:creeper":2,"minecraft:spider":1,"minecraft:skeleton":2,"minecraft:zombie":2},"minecraft:picked_up":{"minecraft:wooden_axe":1,"minecraft:crafting_table":15,"minecraft:chicken":8,"minecraft:wooden_pickaxe":2,"minecraft:shield":1,"minecraft:string":61,"minecraft:raw_copper":2,"minecraft:cooked_salmon":2,"minecraft:cobbled_deepslate":63,"minecraft:beef":5,"minecraft:iron_pickaxe":1,"minecraft:lectern":1,"minecraft:sugar_cane":12,"minecraft:egg":1,"minecraft:furnace":5,"minecraft:raw_iron":168,"minecraft:stick":12,"minecraft:torch":1,"minecraft:porkchop":3,"minecraft:pointed_dripstone":14,"minecraft:diorite":3,"minecraft:arrow":25,"minecraft:rotten_flesh":10,"minecraft:peony":22,"minecraft:hay_block":7,"minecraft:obsidian":9,"minecraft:mutton":15,"minecraft:cobblestone":142,"minecraft:white_wool":6,"minecraft:birch_log":14,"minecraft:feather":8,"minecraft:salmon":2,"minecraft:andesite":6,"minecraft:leather":3,"minecraft:tuff":2,"minecraft:oak_log":67,"minecraft:gunpowder":1,"minecraft:lapis_lazuli":37,"minecraft:dirt":3,"minecraft:bone":27,"minecraft:bow":3,"minecraft:wheat_seeds":1,"minecraft:raw_gold":28,"minecraft:cooked_chicken":2,"minecraft:stone_pickaxe":2,"minecraft:iron_ingot":2,"minecraft:oak_planks":99,"minecraft:book":18,"minecraft:cooked_porkchop":1,"minecraft:sweet_berries":2,"minecraft:dripstone_block":4,"minecraft:white_bed":9,"minecraft:spider_eye":5,"minecraft:diamond":30,"minecraft:stone_axe":2,"minecraft:gray_wool":1,"minecraft:oak_sapling":6,"minecraft:coal":212},"minecraft:broken":{"minecraft:shield":1},"minecraft:crafted":{"minecraft:oak_planks":248,"minecraft:cooked_chicken":2,"minecraft:furnace":3,"minecraft:cooked_mutton":5,"minecraft:iron_boots":1,"minecraft:stone_pickaxe":4,"minecraft:wheat":63,"minecraft:cooked_beef":5,"minecraft:cooked_porkchop":3,"minecraft:crafting_table":3,"minecraft:wooden_pickaxe":4,"minecraft:iron_sword":2,"minecraft:cooked_salmon":2,"minecraft:bucket":2,"minecraft:stone_axe":3,"minecraft:bread":21,"minecraft:air":0,"minecraft:iron_chestplate":2,"minecraft:diamond_pickaxe":1,"minecraft:shield":4,"minecraft:stick":52,"minecraft:iron_ingot":46,"minecraft:iron_pickaxe":3,"minecraft:wooden_axe":1,"minecraft:stone_sword":1,"minecraft:iron_leggings":1,"minecraft:white_bed":3,"minecraft:torch":84}},"DataVersion":3839}