{"stats":{"minecraft:used":{"minecraft:cooked_mutton":5,"minecraft:diorite":3,"minecraft:stone_pickaxe":224,"minecraft:wooden_pickaxe":70,"minecraft:shield":48,"minecraft:iron_sword":50,"minecraft:cooked_salmon":2,"minecraft:cooked_chicken":2,"minecraft:iron_chestplate":1,"minecraft:torch":38,"minecraft:golden_apple":1,"minecraft:dirt":3,"minecraft:crafting_table":11,"minecraft:white_bed":7,"minecraft:dripstone_block":1,"minecraft:tuff":2,"minecraft:wooden_axe":34,"minecraft:bread":7,"minecraft:iron_pickaxe":166,"minecraft:iron_boots":1,"minecraft:stone_axe":94,"minecraft:cobblestone":58,"minecraft:oak_sapling":2,"minecraft:furnace":3,"minecraft:cooked_porkchop":3,"minecraft:andesite":6,"minecraft:egg":1,"minecraft:cooked_beef":2,"minecraft:cobbled_deepslate":30,"minecraft:iron_leggings":1},"minecraft:dropped":{"minecraft:wheat_seeds":1,"minecraft:raw_copper":2,"minecraft:dripstone_block":1},"minecraft:custom":{"minecraft:interact_with_furnace":22,"minecraft:mob_kills":46,"minecraft:interact_with_crafting_table":29,"minecraft:climb_one_cm":765,"minecraft:leave_game":6,"minecraft:time_since_death":9316,"minecraft:sleep_in_bed":4,"minecraft:time_since_rest":9573,"minecraft:sprint_one_cm":513237,"minecraft:damage_absorbed":40,"minecraft:damage_taken":3358,"minecraft:walk_one_cm":309058,"minecraft:damage_blocked_by_shield":2875,"minecraft:drop":4,"minecraft:damage_dealt":6626,"minecraft:swim_one_cm":104699,"minecraft:fly_one_cm":476799,"minecraft:open_chest":13,"minecraft:crouch_one_cm":9516,"minecraft:play_time":120081,"minecraft:sneak_time":4072,"minecraft:deaths":8,"minecraft:walk_under_water_one_cm":13162,"minecraft:jump":2496,"minecraft:walk_on_water_one_cm":42813,"minecraft:total_world_time":120081,"minecraft:fall_one_cm":77244},"minecraft:killed_by":{"minecraft:skeleton":2,"minecraft:creeper":2,"minecraft:spider":1,"minecraft:zombie":2},"minecraft:mined":{"minecraft:tuff":2,"minecraft:white_bed":6,"minecraft:deepslate_diamond_ore":17,"minecraft:crafting_table":12,"minecraft:short_grass":3,"minecraft:grass_block":1,"minecraft:lectern":1,"minecraft:cobblestone":4,"minecraft:copper_ore":1,"minecraft:deepslate_gold_ore":13,"minecraft:lapis_ore":1,"minecraft:sugar_cane":2,"minecraft:diorite":3,"minecraft:spawner":1,"minecraft:hay_block":7,"minecraft:furnace":3,"minecraft:birch_log":7,"minecraft:iron_ore":38,"minecraft:sweet_berry_bush":1,"minecraft:andesite":7,"minecraft:deepslate_lapis_ore":5,"minecraft:peony":11,"minecraft:bookshelf":6,"minecraft:oak_log":63,"minecraft:pointed_dripstone":5,"minecraft:coal_ore":109,"minecraft:deepslate_iron_ore":73,"minecraft:dripstone_block":2,"minecraft:dirt":2,"minecraft:cobweb":47,"minecraft:stone":119,"minecraft:gold_ore":5,"minecraft:oak_leaves":51,"minecraft:deepslate":48},"minecraft:picked_up":{"minecraft:wooden_axe":1,"minecraft:birch_log":14,"minecraft:crafting_table":13,"minecraft:feather":8,"minecraft:chicken":8,"minecraft:andesite":6,"minecraft:salmon":2,"minecraft:leather":3,"minecraft:wooden_pickaxe":2,"minecraft:tuff":2,"minecraft:oak_log":67,"minecraft:shield":1,"minecraft:lapis_lazuli":37,"minecraft:string":56,"minecraft:dirt":3,"minecraft:raw_copper":2,"minecraft:cooked_salmon":2,"minecraft:bone":18,"minecraft:bow":3,"minecraft:wheat_seeds":1,"minecraft:cobbled_deepslate":48,"minecraft:raw_gold":23,"minecraft:iron_ingot":2,"minecraft:beef":5,"minecraft:stone_pickaxe":2,"minecraft:cooked_chicken":2,"minecraft:iron_pickaxe":1,"minecraft:lectern":1,"minecraft:sugar_cane":12,"minecraft:oak_planks":99,"minecraft:furnace":4,"minecraft:egg":1,"minecraft:book":18,"minecraft:stick":12,"minecraft:raw_iron":121,"minecraft:cooked_porkchop":1,"minecraft:sweet_berries":2,"minecraft:torch":1,"minecraft:dripstone_block":4,"minecraft:porkchop":3,"minecraft:pointed_dripstone":12,"minecraft:diorite":3,"minecraft:white_bed":6,"minecraft:spider_eye":3,"minecraft:arrow":14,"minecraft:rotten_flesh":7,"minecraft:diamond":17,"minecraft:stone_axe":2,"minecraft:peony":22,"minecraft:hay_block":7,"minecraft:gray_wool":1,"minecraft:oak_sapling":6,"minecraft:mutton":15,"minecraft:coal":185,"minecraft:white_wool":6,"minecraft:cobblestone":138},"minecraft:crafted":{"minecraft:cooked_beef":5,"minecraft:oak_planks":248,"minecraft:cooked_porkchop":3,"minecraft:crafting_table":2,"minecraft:cooked_chicken":2,"minecraft:wooden_pickaxe":4,"minecraft:iron_sword":1,"minecraft:furnace":2,"minecraft:cooked_salmon":2,"minecraft:bucket":2,"minecraft:stone_axe":3,"minecraft:bread":21,"minecraft:cooked_mutton":5,"minecraft:air":0,"minecraft:iron_chestplate":1,"minecraft:shield":3,"minecraft:stick":44,"minecraft:iron_ingot":20,"minecraft:iron_pickaxe":2,"minecraft:stone_pickaxe":4,"minecraft:wooden_axe":1,"minecraft:white_bed":3,"minecraft:torch":64,"minecraft:wheat":63},"minecraft:killed":{"minecraft:cave_spider":3,"minecraft:pig":2,"minecraft:salmon":2,"minecraft:spider":2,"minecraft:skeleton":12,"minecraft:sheep":7,"minecraft:zombie":6,"minecraft:chicken":5,"minecraft:cow":4}},"DataVersion":3839}