{"stats":{"minecraft:dropped":{"minecraft:wheat_seeds":1,"minecraft:dripstone_block":1,"minecraft:raw_copper":2},"minecraft:crafted":{"minecraft:oak_planks":248,"minecraft:redstone":32,"minecraft:cooked_chicken":2,"minecraft:furnace":3,"minecraft:cooked_mutton":7,"minecraft:iron_boots":1,"minecraft:stone_pickaxe":4,"minecraft:chest":2,"minecraft:wheat":63,"minecraft:cooked_beef":5,"minecraft:emerald":16,"minecraft:cooked_porkchop":3,"minecraft:crafting_table":3,"minecraft:spruce_planks":32,"minecraft:wooden_pickaxe":4,"minecraft:iron_sword":2,"minecraft:cooked_salmon":2,"minecraft:bucket":2,"minecraft:stone_axe":3,"minecraft:bread":21,"minecraft:air":0,"minecraft:iron_chestplate":2,"minecraft:diamond_pickaxe":1,"minecraft:shield":4,"minecraft:stick":52,"minecraft:iron_ingot":104,"minecraft:iron_pickaxe":3,"minecraft:wooden_axe":1,"minecraft:stone_sword":1,"minecraft:iron_leggings":1,"minecraft:white_bed":3,"minecraft:torch":84},"minecraft:picked_up":{"minecraft:wooden_axe":1,"minecraft:crafting_table":15,"minecraft:chicken":8,"minecraft:wooden_pickaxe":2,"minecraft:shield":1,"minecraft:iron_axe":3,"minecraft:string":61,"minecraft:raw_copper":6,"minecraft:cooked_salmon":2,"minecraft:cobbled_deepslate":74,"minecraft:beef":5,"minecraft:poppy":4,"minecraft:iron_pickaxe":1,"minecraft:lectern":1,"minecraft:sugar_cane":12,"minecraft:egg":1,"minecraft:furnace":6,"minecraft:raw_iron":206,"minecraft:stick":12,"minecraft:torch":1,"minecraft:porkchop":3,"minecraft:pointed_dripstone":14,"minecraft:diorite":30,"minecraft:arrow":25,"minecraft:rotten_flesh":10,"minecraft:peony":22,"minecraft:hay_block":7,"minecraft:mutton":17,"minecraft:obsidian":9,"minecraft:cobblestone":218,"minecraft:white_wool":8,"minecraft:birch_log":14,"minecraft:feather":8,"minecraft:golden_carrot":32,"minecraft:andesite":11,"minecraft:salmon":2,"minecraft:leather":3,"minecraft:tuff":2,"minecraft:oak_log":67,"minecraft:gunpowder":1,"minecraft:lapis_lazuli":37,"minecraft:dirt":16,"minecraft:bone":27,"minecraft:bow":3,"minecraft:wheat_seeds":1,"minecraft:raw_gold":28,"minecraft:iron_ingot":10,"minecraft:stone_pickaxe":2,"minecraft:cooked_chicken":2,"minecraft:oak_planks":99,"minecraft:book":18,"minecraft:cooked_porkchop":1,"minecraft:sweet_berries":2,"minecraft:gravel":21,"minecraft:dripstone_block":4,"minecraft:white_bed":10,"minecraft:spruce_log":8,"minecraft:spider_eye":5,"minecraft:diamond":30,"minecraft:stone_axe":2,"minecraft:granite":3,"minecraft:gray_wool":1,"minecraft:oak_sapling":6,"minecraft:coal":256},"minecraft:killed_by":{"minecraft:creeper":2,"minecraft:spider":1,"minecraft:skeleton":2,"minecraft:zombie":2},"minecraft:broken":{"minecraft:stone_pickaxe":1,"minecraft:shield":1},"minecraft:used":{"minecraft:stone_sword":13,"minecraft:poppy":2,"minecraft:chest":2,"minecraft:shield":96,"minecraft:iron_sword":97,"minecraft:cooked_salmon":2,"minecraft:cooked_chicken":2,"minecraft:rotten_flesh":1,"minecraft:iron_chestplate":1,"minecraft:torch":58,"minecraft:brewing_stand":1,"minecraft:dirt":37,"minecraft:carrot":5,"minecraft:tuff":2,"minecraft:wooden_axe":34,"minecraft:iron_boots":2,"minecraft:bow":6,"minecraft:oak_sapling":2,"minecraft:furnace":6,"minecraft:egg":1,"minecraft:cooked_beef":2,"minecraft:cobbled_deepslate":30,"minecraft:iron_leggings":2,"minecraft:cooked_mutton":7,"minecraft:water_bucket":24,"minecraft:diorite":3,"minecraft:stone_pickaxe":355,"minecraft:wooden_pickaxe":99,"minecraft:golden_apple":1,"minecraft:crafting_table":14,"minecraft:white_bed":12,"minecraft:dripstone_block":1,"minecraft:diamond_pickaxe":13,"minecraft:bread":29,"minecraft:iron_pickaxe":287,"minecraft:stone_axe":118,"minecraft:cobblestone":58,"minecraft:cooked_porkchop":3,"minecraft:andesite":6,"minecraft:bucket":25},"minecraft:mined":{"minecraft:tuff":2,"minecraft:white_bed":10,"minecraft:deepslate_diamond_ore":30,"minecraft:obsidian":10,"minecraft:granite":3,"minecraft:grass_block":3,"minecraft:spruce_leaves":1,"minecraft:spawner":1,"minecraft:hay_block":7,"minecraft:furnace":5,"minecraft:iron_ore":71,"minecraft:andesite":14,"minecraft:deepslate_lapis_ore":5,"minecraft:peony":11,"minecraft:bookshelf":6,"minecraft:pointed_dripstone":6,"minecraft:deepslate_iron_ore":125,"minecraft:stone":198,"minecraft:crafting_table":14,"minecraft:short_grass":3,"minecraft:lectern":1,"minecraft:cobblestone":5,"minecraft:copper_ore":2,"minecraft:deepslate_gold_ore":18,"minecraft:lapis_ore":1,"minecraft:sugar_cane":2,"minecraft:diorite":30,"minecraft:birch_log":7,"minecraft:sweet_berry_bush":1,"minecraft:spruce_log":8,"minecraft:oak_log":63,"minecraft:coal_ore":145,"minecraft:gravel":21,"minecraft:dripstone_block":2,"minecraft:dirt":13,"minecraft:cobweb":47,"minecraft:gold_ore":5,"minecraft:oak_leaves":51,"minecraft:deepslate":72},"minecraft:custom":{"minecraft:mob_kills":68,"minecraft:interact_with_crafting_table":45,"minecraft:leave_game":8,"minecraft:time_since_death":70619,"minecraft:climb_one_cm":765,"minecraft:sprint_one_cm":653047,"minecraft:walk_one_cm":481726,"minecraft:damage_blocked_by_shield":5716,"minecraft:drop":4,"minecraft:talked_to_villager":37,"minecraft:play_time":181384,"minecraft:deaths":8,"minecraft:sneak_time":4162,"minecraft:walk_under_water_one_cm":22138,"minecraft:jump":3423,"minecraft:interact_with_blast_furnace":1,"minecraft:walk_on_water_one_cm":65986,"minecraft:total_world_time":181384,"minecraft:interact_with_furnace":56,"minecraft:traded_with_villager":32,"minecraft:sleep_in_bed":12,"minecraft:time_since_rest":7252,"minecraft:damage_taken":4706,"minecraft:damage_absorbed":40,"minecraft:damage_dealt":10452,"minecraft:swim_one_cm":104699,"minecraft:fly_one_cm":587670,"minecraft:open_chest":56,"minecraft:crouch_one_cm":9760,"minecraft:fall_one_cm":91271},"minecraft:killed":{"minecraft:cave_spider":3,"minecraft:witch":1,"minecraft:spider":5,"minecraft:skeleton":22,"minecraft:chicken":5,"minecraft:pig":2,"minecraft:salmon":2,"minecraft:creeper":3,"minecraft:sheep":9,"minecraft:zombie":9,"minecraft:cow":4}},"DataVersion":3839}