{"stats":{"minecraft:killed_by":{"minecraft:piglin_brute":8,"minecraft:pillager":1,"minecraft:vindicator":3,"minecraft:piglin":8,"minecraft:zombie":3,"minecraft:vex":1,"minecraft:player":1,"minecraft:enderman":1,"minecraft:iron_golem":5,"minecraft:skeleton":1},"minecraft:mined":{"minecraft:spruce_planks":80,"minecraft:white_bed":32,"minecraft:farmland":29,"minecraft:cobblestone_stairs":10,"minecraft:brewing_stand":1,"minecraft:obsidian":8,"minecraft:spruce_trapdoor":22,"minecraft:granite":147,"minecraft:grass_block":1156,"minecraft:cracked_polished_blackstone_bricks":10,"minecraft:composter":8,"minecraft:oxeye_daisy":119,"minecraft:polished_blackstone_bricks":15,"minecraft:tall_seagrass":1,"minecraft:barrel":3,"minecraft:sticky_piston":4,"minecraft:iron_ore":32,"minecraft:fire":13,"minecraft:pumpkin":4,"minecraft:fletching_table":2,"minecraft:azure_bluet":44,"minecraft:dirt_path":488,"minecraft:oak_stairs":97,"minecraft:spruce_wood":1,"minecraft:spruce_slab":34,"minecraft:tripwire":7,"minecraft:piston_head":2,"minecraft:blackstone":7,"minecraft:smoker":1,"minecraft:crimson_nylium":85,"minecraft:torch":18,"minecraft:blast_furnace":4,"minecraft:poppy":8,"minecraft:chest":2,"minecraft:spruce_wall_sign":2,"minecraft:nether_quartz_ore":4,"minecraft:cobblestone":156,"minecraft:slime_block":15,"minecraft:grindstone":3,"minecraft:oak_planks":64,"minecraft:sugar_cane":1,"minecraft:iron_door":3,"minecraft:seagrass":1,"minecraft:repeater":8,"minecraft:powered_rail":30,"minecraft:nether_wart_block":7,"minecraft:light_gray_stained_glass":245,"minecraft:birch_log":44,"minecraft:wheat":30,"minecraft:birch_trapdoor":3,"minecraft:stripped_oak_wood":2,"minecraft:oak_log":265,"minecraft:beetroots":4,"minecraft:oak_fence_gate":5,"minecraft:sand":2,"minecraft:dirt":508,"minecraft:crimson_planks":9,"minecraft:dispenser":1,"minecraft:netherrack":2823,"minecraft:oak_leaves":84,"minecraft:mossy_cobblestone":11,"minecraft:oak_door":1,"minecraft:lever":2,"minecraft:crimson_roots":5,"minecraft:redstone_wire":49,"minecraft:spruce_leaves":138,"minecraft:cartography_table":1,"minecraft:crimson_stem":3,"minecraft:large_fern":2,"minecraft:hay_block":13,"minecraft:oak_trapdoor":21,"minecraft:spruce_sapling":87,"minecraft:furnace":7,"minecraft:carrots":490,"minecraft:andesite":103,"minecraft:gold_block":3,"minecraft:bell":7,"minecraft:bookshelf":18,"minecraft:potatoes":14,"minecraft:rail":56,"minecraft:stripped_oak_log":3,"minecraft:stone":778,"minecraft:bone_block":121,"minecraft:white_wool":3,"minecraft:redstone_wall_torch":10,"minecraft:podzol":454,"minecraft:smithing_table":8,"minecraft:glass_pane":3,"minecraft:soul_sand":1,"minecraft:basalt":3,"minecraft:observer":6,"minecraft:dandelion":12,"minecraft:oak_fence":56,"minecraft:crafting_table":20,"minecraft:cornflower":1,"minecraft:short_grass":181,"minecraft:spruce_button":2,"minecraft:emerald_ore":2,"minecraft:lectern":244,"minecraft:copper_ore":2,"minecraft:tall_grass":16,"minecraft:lily_pad":1,"minecraft:spruce_stairs":1,"minecraft:birch_planks":5,"minecraft:redstone_torch":5,"minecraft:sweet_berry_bush":4,"minecraft:spruce_log":184,"minecraft:yellow_bed":12,"minecraft:coal_ore":57,"minecraft:gravel":293,"minecraft:oak_button":1},"minecraft:dropped":{"minecraft:spruce_sign":3,"minecraft:iron_sword":1,"minecraft:diamond_axe":2,"minecraft:lapis_lazuli":1,"minecraft:oak_log":9,"minecraft:crossbow":13,"minecraft:leather":3,"minecraft:rail":25,"minecraft:emerald":145,"minecraft:dirt":73,"minecraft:cornflower":1,"minecraft:crimson_roots":14,"minecraft:bone_block":64,"minecraft:bone_meal":119,"minecraft:gold_ingot":6,"minecraft:bone":16,"minecraft:gravel":77,"minecraft:stone_axe":3,"minecraft:sugar_cane":3,"minecraft:birch_sapling":1,"minecraft:obsidian":9,"minecraft:beetroot":4,"minecraft:rotten_flesh":16,"minecraft:diamond_shovel":1,"minecraft:azure_bluet":3,"minecraft:carrot":1789,"minecraft:poppy":17,"minecraft:tipped_arrow":2,"minecraft:gunpowder":1,"minecraft:beetroot_seeds":12,"minecraft:chainmail_boots":16,"minecraft:arrow":17,"minecraft:powered_rail":576,"minecraft:ghast_tear":1,"minecraft:netherrack":2512,"minecraft:iron_ingot":13,"minecraft:enchanted_book":2,"minecraft:water_bucket":12,"minecraft:wheat_seeds":15,"minecraft:diamond_leggings":1,"minecraft:book":5,"minecraft:golden_axe":2,"minecraft:cobblestone":257,"minecraft:apple":1,"minecraft:granite":140,"minecraft:spruce_button":64,"minecraft:stick":291,"minecraft:oxeye_daisy":3,"minecraft:golden_carrot":168,"minecraft:torch":94,"minecraft:nether_wart_block":1,"minecraft:light_gray_stained_glass":61,"minecraft:iron_axe":12,"minecraft:chainmail_leggings":1,"minecraft:string":1,"minecraft:lily_pad":1,"minecraft:bucket":1,"minecraft:spruce_sapling":43,"minecraft:dandelion":22,"minecraft:sweet_berries":11,"minecraft:raw_copper":42,"minecraft:stone_shovel":3,"minecraft:spruce_fence":27,"minecraft:suspicious_stew":12,"minecraft:diamond_sword":1,"minecraft:shield":15,"minecraft:oak_button":1,"minecraft:spruce_planks":142,"minecraft:diamond_pickaxe":1,"minecraft:iron_chestplate":4,"minecraft:andesite":103,"minecraft:oak_boat":1,"minecraft:oak_sapling":29,"minecraft:redstone_torch":3,"minecraft:diamond_boots":1,"minecraft:spruce_log":57,"minecraft:bow":11},"minecraft:killed":{"minecraft:witch":2,"minecraft:spider":3,"minecraft:skeleton":18,"minecraft:piglin_brute":5,"minecraft:piglin":21,"minecraft:pig":15,"minecraft:iron_golem":18,"minecraft:creeper":2,"minecraft:sheep":20,"minecraft:trader_llama":2,"minecraft:pillager":24,"minecraft:zombie":66,"minecraft:ghast":1,"minecraft:cow":11,"minecraft:vex":2,"minecraft:evoker":2,"minecraft:vindicator":14,"minecraft:slime":12,"minecraft:phantom":2,"minecraft:ravager":1,"minecraft:hoglin":1,"minecraft:villager":4,"minecraft:enderman":1},"minecraft:custom":{"minecraft:interact_with_crafting_table":126,"minecraft:open_barrel":8,"minecraft:bell_ring":25,"minecraft:leave_game":48,"minecraft:time_since_death":121469,"minecraft:sprint_one_cm":2797919,"minecraft:damage_blocked_by_shield":6494,"minecraft:drop":352,"minecraft:talked_to_villager":1159,"minecraft:play_time":1171859,"minecraft:deaths":47,"minecraft:jump":13027,"minecraft:interact_with_brewingstand":1,"minecraft:walk_on_water_one_cm":88504,"minecraft:interact_with_furnace":122,"minecraft:traded_with_villager":5268,"minecraft:sleep_in_bed":49,"minecraft:damage_dealt":54482,"minecraft:player_kills":1,"minecraft:crouch_one_cm":183683,"minecraft:use_cauldron":12,"minecraft:inspect_dispenser":10,"minecraft:horse_one_cm":3218,"minecraft:interact_with_smithing_table":1,"minecraft:mob_kills":250,"minecraft:interact_with_anvil":50,"minecraft:climb_one_cm":2077,"minecraft:walk_one_cm":2975910,"minecraft:raid_win":1,"minecraft:sneak_time":50304,"minecraft:walk_under_water_one_cm":62369,"minecraft:boat_one_cm":132672,"minecraft:interact_with_blast_furnace":6,"minecraft:total_world_time":1171859,"minecraft:raid_trigger":2,"minecraft:interact_with_grindstone":5,"minecraft:time_since_rest":1044,"minecraft:damage_taken":25978,"minecraft:swim_one_cm":262899,"minecraft:fly_one_cm":2394847,"minecraft:open_chest":838,"minecraft:fall_one_cm":385304},"minecraft:used":{"minecraft:iron_shovel":684,"minecraft:dispenser":2,"minecraft:spruce_slab":35,"minecraft:diamond_hoe":553,"minecraft:chest":35,"minecraft:shield":59,"minecraft:stone":2,"minecraft:iron_sword":225,"minecraft:bell":7,"minecraft:iron_chestplate":2,"minecraft:mutton":17,"minecraft:carrot":706,"minecraft:obsidian":9,"minecraft:spruce_boat":9,"minecraft:lava_bucket":51,"minecraft:grass_block":1,"minecraft:spruce_wood":13,"minecraft:birch_trapdoor":5,"minecraft:repeater":11,"minecraft:bow":36,"minecraft:furnace":10,"minecraft:egg":6,"minecraft:potato":9,"minecraft:diamond_boots":1,"minecraft:stone_pickaxe":193,"minecraft:oak_planks":156,"minecraft:powered_rail":83,"minecraft:blackstone":5,"minecraft:ender_pearl":3,"minecraft:wooden_pickaxe":20,"minecraft:composter":11,"minecraft:diamond_axe":941,"minecraft:white_wool":2,"minecraft:blast_furnace":4,"minecraft:crossbow":1,"minecraft:dead_bubble_coral":1,"minecraft:shears":7,"minecraft:redstone_torch":25,"minecraft:sticky_piston":8,"minecraft:dead_fire_coral_fan":1,"minecraft:lever":13,"minecraft:crying_obsidian":4,"minecraft:dark_oak_log":3,"minecraft:string":35,"minecraft:lectern":238,"minecraft:iron_door":4,"minecraft:gravel":204,"minecraft:diamond_sword":284,"minecraft:nether_wart_block":3,"minecraft:dead_horn_coral_fan":1,"minecraft:chainmail_boots":1,"minecraft:grindstone":3,"minecraft:smithing_table":8,"minecraft:oak_boat":11,"minecraft:bone_meal":421,"minecraft:experience_bottle":583,"minecraft:oak_fence":1,"minecraft:oak_trapdoor":18,"minecraft:stone_sword":165,"minecraft:flint_and_steel":2,"minecraft:redstone":95,"minecraft:spruce_planks":122,"minecraft:netherrack":545,"minecraft:torch":68,"minecraft:anvil":1,"minecraft:dirt":996,"minecraft:spruce_stairs":2,"minecraft:diamond_helmet":2,"minecraft:wooden_axe":16,"minecraft:bookshelf":6,"minecraft:light_gray_stained_glass":977,"minecraft:iron_axe":510,"minecraft:spruce_button":16,"minecraft:slime_block":23,"minecraft:iron_boots":1,"minecraft:crimson_planks":12,"minecraft:barrel":2,"minecraft:light_gray_wool":1,"minecraft:diamond_chestplate":2,"minecraft:basalt":3,"minecraft:tripwire_hook":12,"minecraft:golden_carrot":106,"minecraft:beef":7,"minecraft:observer":8,"minecraft:iron_leggings":2,"minecraft:wheat_seeds":82,"minecraft:cooked_mutton":9,"minecraft:water_bucket":219,"minecraft:birch_planks":5,"minecraft:spruce_sign":8,"minecraft:fletching_table":4,"minecraft:polished_blackstone_bricks":17,"minecraft:rail":129,"minecraft:crafting_table":27,"minecraft:white_bed":32,"minecraft:spruce_log":1,"minecraft:diamond_pickaxe":4553,"minecraft:diamond_shovel":2067,"minecraft:cracked_polished_blackstone_bricks":8,"minecraft:oak_button":1,"minecraft:iron_pickaxe":58,"minecraft:spruce_trapdoor":100,"minecraft:spruce_sapling":554,"minecraft:stone_axe":154,"minecraft:cobblestone":279,"minecraft:cooked_porkchop":10,"minecraft:bucket":271,"minecraft:yellow_bed":12,"minecraft:diamond_leggings":2},"minecraft:picked_up":{"minecraft:iron_chestplate":17,"minecraft:wheat":36,"minecraft:chainmail_boots":22,"minecraft:suspicious_stew":5,"minecraft:smithing_table":8,"minecraft:lead":3,"minecraft:diamond_sword":12,"minecraft:oak_stairs":97,"minecraft:gilded_blackstone":9,"minecraft:crimson_planks":9,"minecraft:brewing_stand":1,"minecraft:golden_sword":3,"minecraft:string":27,"minecraft:raw_copper":42,"minecraft:iron_leggings":13,"minecraft:sticky_piston":6,"minecraft:beetroot":8,"minecraft:diamond_leggings":14,"minecraft:bucket":2,"minecraft:spruce_planks":454,"minecraft:redstone_torch":22,"minecraft:netherite_upgrade_smithing_template":2,"minecraft:iron_pickaxe":7,"minecraft:iron_boots":5,"minecraft:furnace":7,"minecraft:tipped_arrow":2,"minecraft:stick":1694,"minecraft:composter":21,"minecraft:birch_trapdoor":3,"minecraft:oak_fence":55,"minecraft:torch":328,"minecraft:spruce_stairs":1,"minecraft:porkchop":31,"minecraft:golden_axe":3,"minecraft:stone_sword":6,"minecraft:rotten_flesh":84,"minecraft:obsidian":25,"minecraft:cobblestone":944,"minecraft:birch_log":236,"minecraft:cooked_beef":1,"minecraft:magma_cream":6,"minecraft:repeater":10,"minecraft:iron_door":3,"minecraft:water_bucket":29,"minecraft:andesite":103,"minecraft:smoker":8,"minecraft:potato":42,"minecraft:flint":73,"minecraft:lapis_lazuli":1,"minecraft:dirt":2501,"minecraft:leather_boots":1,"minecraft:glass":212,"minecraft:bone":26,"minecraft:bow":20,"minecraft:wheat_seeds":113,"minecraft:bell":7,"minecraft:grindstone":3,"minecraft:diamond_helmet":15,"minecraft:fletching_table":2,"minecraft:glowstone_dust":4,"minecraft:powered_rail":200,"minecraft:oak_planks":662,"minecraft:ghast_tear":1,"minecraft:cooked_porkchop":22,"minecraft:dark_oak_log":3,"minecraft:barrel":4,"minecraft:mossy_cobblestone":11,"minecraft:dispenser":1,"minecraft:snout_armor_trim_smithing_template":3,"minecraft:sugar":8,"minecraft:spruce_boat":10,"minecraft:slime_block":22,"minecraft:lever":10,"minecraft:cracked_polished_blackstone_bricks":19,"minecraft:crossbow":28,"minecraft:granite":140,"minecraft:spruce_button":73,"minecraft:spruce_sign":2,"minecraft:emerald":283,"minecraft:oak_sapling":169,"minecraft:netherrack":3308,"minecraft:dark_oak_fence":2,"minecraft:crimson_roots":15,"minecraft:diamond_pickaxe":16,"minecraft:crafting_table":20,"minecraft:azure_bluet":47,"minecraft:ladder":3,"minecraft:gold_block":19,"minecraft:shield":45,"minecraft:cornflower":1,"minecraft:oak_trapdoor":21,"minecraft:iron_axe":29,"minecraft:flint_and_steel":2,"minecraft:iron_shovel":9,"minecraft:blackstone":11,"minecraft:cartography_table":1,"minecraft:beef":71,"minecraft:oak_boat":12,"minecraft:lectern":246,"minecraft:observer":6,"minecraft:iron_nugget":14,"minecraft:poppy":56,"minecraft:spruce_slab":36,"minecraft:light_gray_wool":1,"minecraft:minecart":10,"minecraft:sugar_cane":3,"minecraft:chest":2,"minecraft:birch_sapling":10,"minecraft:spruce_trapdoor":73,"minecraft:phantom_membrane":4,"minecraft:egg":9,"minecraft:raw_iron":78,"minecraft:oak_door":2,"minecraft:fire_charge":2,"minecraft:polished_blackstone_bricks":31,"minecraft:cookie":64,"minecraft:carrot":2833,"minecraft:redstone":263,"minecraft:arrow":174,"minecraft:diamond_chestplate":12,"minecraft:stone_shovel":3,"minecraft:beetroot_seeds":24,"minecraft:diamond_boots":15,"minecraft:hay_block":13,"minecraft:saddle":2,"minecraft:gold_ingot":4,"minecraft:totem_of_undying":6,"minecraft:mutton":29,"minecraft:rail":110,"minecraft:white_wool":20,"minecraft:bone_block":121,"minecraft:oxeye_daisy":126,"minecraft:stripped_oak_log":3,"minecraft:basalt":9,"minecraft:golden_carrot":934,"minecraft:crimson_stem":25,"minecraft:tripwire_hook":10,"minecraft:leather":39,"minecraft:birch_planks":5,"minecraft:lily_pad":2,"minecraft:oak_log":432,"minecraft:chainmail_chestplate":1,"minecraft:ancient_debris":2,"minecraft:nether_wart_block":8,"minecraft:golden_boots":1,"minecraft:yellow_bed":12,"minecraft:gunpowder":6,"minecraft:cobblestone_stairs":9,"minecraft:white_banner":11,"minecraft:apple":2,"minecraft:oak_fence_gate":5,"minecraft:iron_ingot":223,"minecraft:spruce_wood":1,"minecraft:stone_pickaxe":7,"minecraft:stripped_oak_wood":2,"minecraft:iron_sword":10,"minecraft:soul_sand":3,"minecraft:book":197,"minecraft:light_gray_stained_glass":133,"minecraft:pumpkin":4,"minecraft:sweet_berries":11,"minecraft:quartz":16,"minecraft:dandelion":38,"minecraft:gravel":452,"minecraft:lava_bucket":3,"minecraft:spruce_sapling":845,"minecraft:blast_furnace":12,"minecraft:white_bed":37,"minecraft:spruce_log":17632,"minecraft:leather_helmet":1,"minecraft:diamond_shovel":13,"minecraft:slime_ball":26,"minecraft:stone_axe":8,"minecraft:chainmail_leggings":3,"minecraft:iron_helmet":6,"minecraft:diamond_axe":11,"minecraft:gray_wool":1,"minecraft:oak_button":1,"minecraft:black_wool":1,"minecraft:coal":208},"minecraft:crafted":{"minecraft:grindstone":1,"minecraft:oak_planks":1200,"minecraft:cobblestone_slab":6,"minecraft:slime_block":2,"minecraft:stone":11,"minecraft:lever":2,"minecraft:diamond_shovel":9,"minecraft:bookshelf":17,"minecraft:cooked_mutton":9,"minecraft:suspicious_stew":7,"minecraft:glass":740,"minecraft:diamond_helmet":1,"minecraft:repeater":2,"minecraft:diamond_leggings":1,"minecraft:bow":11,"minecraft:iron_boots":1,"minecraft:chest":34,"minecraft:oak_button":1,"minecraft:iron_door":3,"minecraft:rail":64,"minecraft:oak_slab":30,"minecraft:emerald":4693,"minecraft:cooked_porkchop":29,"minecraft:diamond_axe":8,"minecraft:crafting_table":10,"minecraft:spruce_planks":63356,"minecraft:wooden_pickaxe":3,"minecraft:iron_helmet":1,"minecraft:smithing_table":1,"minecraft:sticky_piston":1,"minecraft:fletching_table":2,"minecraft:birch_planks":184,"minecraft:dispenser":1,"minecraft:spruce_trapdoor":172,"minecraft:iron_chestplate":5,"minecraft:diamond_pickaxe":16,"minecraft:emerald_block":62,"minecraft:shield":17,"minecraft:stick":127579,"minecraft:stone_slab":6,"minecraft:iron_ingot":66,"minecraft:iron_pickaxe":1,"minecraft:iron_block":3,"minecraft:stone_sword":2,"minecraft:gold_ingot":45,"minecraft:light_gray_dye":163,"minecraft:redstone_torch":16,"minecraft:composter":7,"minecraft:shears":1,"minecraft:golden_carrot":174,"minecraft:cookie":144,"minecraft:redstone":106,"minecraft:tripwire_hook":2,"minecraft:light_gray_stained_glass":952,"minecraft:diamond_hoe":5,"minecraft:experience_bottle":594,"minecraft:spruce_button":73,"minecraft:furnace":4,"minecraft:piston":1,"minecraft:bone_meal":540,"minecraft:spruce_fence":27,"minecraft:oak_trapdoor":2,"minecraft:flint_and_steel":1,"minecraft:lantern":12,"minecraft:spruce_stairs":4,"minecraft:iron_axe":13,"minecraft:spruce_wood":12,"minecraft:spruce_slab":30,"minecraft:ender_pearl":7,"minecraft:stone_pickaxe":2,"minecraft:diamond_boots":1,"minecraft:spruce_boat":3,"minecraft:wheat":117,"minecraft:observer":3,"minecraft:cooked_beef":7,"minecraft:crimson_planks":100,"minecraft:crossbow":12,"minecraft:diamond_sword":3,"minecraft:spruce_sign":15,"minecraft:powered_rail":6,"minecraft:bucket":4,"minecraft:stone_axe":12,"minecraft:glowstone":8,"minecraft:enchanted_book":34,"minecraft:air":0,"minecraft:oak_boat":2,"minecraft:chainmail_boots":12,"minecraft:birch_trapdoor":2,"minecraft:wooden_axe":1,"minecraft:iron_shovel":2,"minecraft:iron_leggings":7,"minecraft:anvil":1,"minecraft:white_bed":2,"minecraft:pumpkin_pie":48,"minecraft:torch":212,"minecraft:lapis_lazuli":11,"minecraft:diamond_chestplate":2},"minecraft:broken":{"minecraft:iron_shovel":1,"minecraft:stone_pickaxe":1,"minecraft:stone_axe":1,"minecraft:diamond_axe":1,"minecraft:iron_axe":3,"minecraft:iron_pickaxe":1}},"DataVersion":3839}