{"stats":{"minecraft:mined":{"minecraft:white_bed":7,"minecraft:mossy_cobblestone":1,"minecraft:brewing_stand":1,"minecraft:crafting_table":8,"minecraft:short_grass":12,"minecraft:grass_block":15,"minecraft:tall_grass":3,"minecraft:cobblestone":20,"minecraft:grindstone":1,"minecraft:composter":1,"minecraft:furnace":7,"minecraft:iron_ore":25,"minecraft:pumpkin":4,"minecraft:yellow_bed":3,"minecraft:bell":1,"minecraft:oak_log":67,"minecraft:coal_ore":25,"minecraft:dirt":2,"minecraft:stripped_oak_log":3,"minecraft:stone":45,"minecraft:netherrack":30,"minecraft:oak_leaves":14,"minecraft:smithing_table":1},"minecraft:killed":{"minecraft:pig":13,"minecraft:spider":1,"minecraft:sheep":20,"minecraft:zombie":1,"minecraft:cow":8},"minecraft:custom":{"minecraft:interact_with_furnace":98,"minecraft:mob_kills":43,"minecraft:interact_with_crafting_table":30,"minecraft:bell_ring":1,"minecraft:leave_game":8,"minecraft:time_since_death":15382,"minecraft:sleep_in_bed":3,"minecraft:climb_one_cm":1246,"minecraft:time_since_rest":10538,"minecraft:sprint_one_cm":166171,"minecraft:damage_taken":702,"minecraft:walk_one_cm":106275,"minecraft:drop":1,"minecraft:damage_dealt":4060,"minecraft:talked_to_villager":2,"minecraft:swim_one_cm":12488,"minecraft:fly_one_cm":163803,"minecraft:open_chest":4,"minecraft:crouch_one_cm":8691,"minecraft:play_time":46986,"minecraft:deaths":1,"minecraft:sneak_time":2255,"minecraft:walk_under_water_one_cm":6155,"minecraft:boat_one_cm":13722,"minecraft:jump":1039,"minecraft:walk_on_water_one_cm":6189,"minecraft:total_world_time":46986,"minecraft:fall_one_cm":24347},"minecraft:dropped":{"minecraft:dirt":1},"minecraft:broken":{"minecraft:stone_pickaxe":1},"minecraft:used":{"minecraft:cooked_mutton":3,"minecraft:water_bucket":31,"minecraft:stone_sword":84,"minecraft:flint_and_steel":1,"minecraft:stone_pickaxe":140,"minecraft:oak_planks":7,"minecraft:wooden_pickaxe":20,"minecraft:white_wool":2,"minecraft:dirt":20,"minecraft:mutton":17,"minecraft:crafting_table":10,"minecraft:white_bed":2,"minecraft:wooden_axe":16,"minecraft:lava_bucket":10,"minecraft:stone_axe":93,"minecraft:light_gray_wool":1,"minecraft:cobblestone":13,"minecraft:beef":5,"minecraft:furnace":10,"minecraft:cooked_porkchop":2,"minecraft:bucket":43,"minecraft:oak_boat":1,"minecraft:egg":1},"minecraft:picked_up":{"minecraft:stripped_oak_log":3,"minecraft:crafting_table":8,"minecraft:cooked_beef":1,"minecraft:ladder":3,"minecraft:leather":4,"minecraft:smithing_table":1,"minecraft:oak_log":67,"minecraft:brewing_stand":1,"minecraft:yellow_bed":3,"minecraft:string":2,"minecraft:dirt":21,"minecraft:wheat_seeds":2,"minecraft:bell":1,"minecraft:grindstone":1,"minecraft:iron_ingot":2,"minecraft:beef":21,"minecraft:oak_boat":1,"minecraft:light_gray_wool":1,"minecraft:egg":1,"minecraft:furnace":7,"minecraft:stick":4,"minecraft:raw_iron":28,"minecraft:pumpkin":4,"minecraft:composter":1,"minecraft:porkchop":26,"minecraft:white_bed":7,"minecraft:mossy_cobblestone":1,"minecraft:rotten_flesh":2,"minecraft:gray_wool":1,"minecraft:oak_sapling":1,"minecraft:black_wool":1,"minecraft:netherrack":37,"minecraft:mutton":29,"minecraft:coal":41,"minecraft:white_wool":17,"minecraft:cobblestone":65},"minecraft:crafted":{"minecraft:cooked_beef":7,"minecraft:oak_planks":164,"minecraft:cooked_porkchop":22,"minecraft:crafting_table":3,"minecraft:wooden_pickaxe":3,"minecraft:iron_helmet":1,"minecraft:furnace":4,"minecraft:bucket":2,"minecraft:stone_axe":2,"minecraft:cooked_mutton":4,"minecraft:air":0,"minecraft:oak_boat":1,"minecraft:iron_boots":1,"minecraft:iron_chestplate":1,"minecraft:stick":28,"minecraft:iron_ingot":22,"minecraft:iron_pickaxe":1,"minecraft:stone_pickaxe":2,"minecraft:wooden_axe":1,"minecraft:stone_sword":2,"minecraft:white_bed":1}},"DataVersion":3839}