{"stats":{"minecraft:broken":{"minecraft:stone_pickaxe":1,"minecraft:iron_axe":1,"minecraft:stone_axe":1},"minecraft:mined":{"minecraft:white_bed":11,"minecraft:mossy_cobblestone":1,"minecraft:brewing_stand":1,"minecraft:grass_block":81,"minecraft:spruce_leaves":19,"minecraft:cartography_table":1,"minecraft:composter":5,"minecraft:large_fern":1,"minecraft:oak_trapdoor":4,"minecraft:carrots":30,"minecraft:furnace":7,"minecraft:iron_ore":32,"minecraft:pumpkin":4,"minecraft:fletching_table":2,"minecraft:bell":7,"minecraft:bookshelf":4,"minecraft:potatoes":9,"minecraft:dirt_path":81,"minecraft:stripped_oak_log":3,"minecraft:stone":75,"minecraft:smithing_table":8,"minecraft:smoker":1,"minecraft:dandelion":1,"minecraft:oak_fence":2,"minecraft:crafting_table":8,"minecraft:torch":1,"minecraft:short_grass":64,"minecraft:blast_furnace":1,"minecraft:chest":2,"minecraft:lectern":13,"minecraft:cobblestone":23,"minecraft:tall_grass":14,"minecraft:sugar_cane":1,"minecraft:grindstone":1,"minecraft:oak_planks":13,"minecraft:birch_planks":5,"minecraft:birch_log":40,"minecraft:wheat":4,"minecraft:spruce_log":170,"minecraft:yellow_bed":5,"minecraft:coal_ore":50,"minecraft:oak_log":233,"minecraft:oak_fence_gate":1,"minecraft:dirt":14,"minecraft:netherrack":30,"minecraft:oak_leaves":64},"minecraft:crafted":{"minecraft:oak_planks":944,"minecraft:diamond_hoe":2,"minecraft:furnace":4,"minecraft:cooked_mutton":9,"minecraft:oak_trapdoor":2,"minecraft:bow":11,"minecraft:iron_boots":1,"minecraft:iron_axe":2,"minecraft:stone_pickaxe":2,"minecraft:chest":6,"minecraft:cooked_beef":7,"minecraft:crossbow":12,"minecraft:emerald":84,"minecraft:cooked_porkchop":29,"minecraft:crafting_table":5,"minecraft:spruce_planks":680,"minecraft:wooden_pickaxe":3,"minecraft:iron_helmet":1,"minecraft:smithing_table":1,"minecraft:fletching_table":1,"minecraft:bucket":2,"minecraft:birch_planks":88,"minecraft:stone_axe":12,"minecraft:air":0,"minecraft:oak_boat":1,"minecraft:iron_chestplate":1,"minecraft:shield":1,"minecraft:stick":2860,"minecraft:iron_ingot":22,"minecraft:iron_pickaxe":1,"minecraft:wooden_axe":1,"minecraft:stone_sword":2,"minecraft:iron_shovel":1,"minecraft:iron_leggings":1,"minecraft:white_bed":1,"minecraft:torch":24},"minecraft:dropped":{"minecraft:iron_sword":1,"minecraft:wheat_seeds":5,"minecraft:crossbow":12,"minecraft:cobblestone":1,"minecraft:dirt":4,"minecraft:torch":28,"minecraft:dandelion":3,"minecraft:sugar_cane":3,"minecraft:birch_sapling":1,"minecraft:poppy":6,"minecraft:oak_sapling":28,"minecraft:bow":10},"minecraft:killed":{"minecraft:spider":1,"minecraft:skeleton":3,"minecraft:pig":15,"minecraft:iron_golem":9,"minecraft:sheep":20,"minecraft:pillager":8,"minecraft:zombie":12,"minecraft:villager":2,"minecraft:cow":10},"minecraft:picked_up":{"minecraft:crafting_table":8,"minecraft:iron_chestplate":2,"minecraft:wheat":10,"minecraft:ladder":3,"minecraft:smithing_table":8,"minecraft:brewing_stand":1,"minecraft:shield":3,"minecraft:oak_trapdoor":4,"minecraft:string":2,"minecraft:iron_axe":9,"minecraft:iron_leggings":1,"minecraft:iron_shovel":9,"minecraft:cartography_table":1,"minecraft:beef":69,"minecraft:oak_boat":1,"minecraft:iron_pickaxe":2,"minecraft:poppy":32,"minecraft:light_gray_wool":1,"minecraft:lectern":13,"minecraft:sugar_cane":3,"minecraft:chest":2,"minecraft:birch_sapling":10,"minecraft:furnace":7,"minecraft:iron_boots":2,"minecraft:egg":9,"minecraft:stick":1131,"minecraft:raw_iron":41,"minecraft:composter":18,"minecraft:oak_fence":1,"minecraft:torch":57,"minecraft:porkchop":31,"minecraft:carrot":340,"minecraft:stone_sword":6,"minecraft:arrow":2,"minecraft:rotten_flesh":42,"minecraft:mutton":29,"minecraft:white_wool":17,"minecraft:cobblestone":101,"minecraft:birch_log":184,"minecraft:stripped_oak_log":3,"minecraft:cooked_beef":1,"minecraft:leather":31,"minecraft:smoker":8,"minecraft:potato":24,"minecraft:birch_planks":5,"minecraft:flint":11,"minecraft:oak_log":233,"minecraft:yellow_bed":5,"minecraft:dirt":192,"minecraft:bone":3,"minecraft:apple":1,"minecraft:bow":10,"minecraft:wheat_seeds":14,"minecraft:oak_fence_gate":1,"minecraft:bell":7,"minecraft:grindstone":1,"minecraft:iron_ingot":145,"minecraft:stone_pickaxe":7,"minecraft:fletching_table":2,"minecraft:oak_planks":608,"minecraft:iron_sword":3,"minecraft:book":96,"minecraft:cooked_porkchop":22,"minecraft:pumpkin":4,"minecraft:dandelion":19,"minecraft:spruce_sapling":10,"minecraft:blast_furnace":9,"minecraft:white_bed":16,"minecraft:spruce_log":170,"minecraft:dark_oak_log":3,"minecraft:mossy_cobblestone":1,"minecraft:iron_helmet":2,"minecraft:crossbow":14,"minecraft:gray_wool":1,"minecraft:emerald":18,"minecraft:oak_sapling":162,"minecraft:black_wool":1,"minecraft:netherrack":37,"minecraft:dark_oak_fence":2,"minecraft:coal":66},"minecraft:used":{"minecraft:oak_trapdoor":6,"minecraft:stone_sword":165,"minecraft:iron_shovel":152,"minecraft:flint_and_steel":1,"minecraft:chest":8,"minecraft:shield":14,"minecraft:iron_sword":74,"minecraft:bell":7,"minecraft:iron_chestplate":1,"minecraft:torch":17,"minecraft:dirt":74,"minecraft:mutton":17,"minecraft:carrot":26,"minecraft:wooden_axe":16,"minecraft:lava_bucket":10,"minecraft:iron_axe":495,"minecraft:iron_boots":1,"minecraft:light_gray_wool":1,"minecraft:beef":5,"minecraft:furnace":10,"minecraft:egg":6,"minecraft:potato":9,"minecraft:iron_leggings":1,"minecraft:cooked_mutton":9,"minecraft:water_bucket":31,"minecraft:birch_planks":5,"minecraft:stone_pickaxe":193,"minecraft:oak_planks":149,"minecraft:wooden_pickaxe":20,"minecraft:fletching_table":3,"minecraft:white_wool":2,"minecraft:crafting_table":12,"minecraft:crossbow":1,"minecraft:white_bed":10,"minecraft:dark_oak_log":3,"minecraft:iron_pickaxe":51,"minecraft:lectern":11,"minecraft:spruce_sapling":10,"minecraft:stone_axe":154,"minecraft:cobblestone":15,"minecraft:cooked_porkchop":9,"minecraft:smithing_table":8,"minecraft:bucket":43,"minecraft:yellow_bed":5,"minecraft:oak_boat":1},"minecraft:killed_by":{"minecraft:player":1,"minecraft:pillager":1,"minecraft:iron_golem":4,"minecraft:skeleton":1,"minecraft:zombie":3},"minecraft:custom":{"minecraft:mob_kills":80,"minecraft:interact_with_crafting_table":46,"minecraft:bell_ring":20,"minecraft:leave_game":19,"minecraft:time_since_death":26466,"minecraft:climb_one_cm":1246,"minecraft:sprint_one_cm":700914,"minecraft:walk_one_cm":391336,"minecraft:damage_blocked_by_shield":1282,"minecraft:drop":36,"minecraft:talked_to_villager":61,"minecraft:play_time":170109,"minecraft:deaths":11,"minecraft:sneak_time":9050,"minecraft:walk_under_water_one_cm":7267,"minecraft:boat_one_cm":13722,"minecraft:jump":3726,"minecraft:walk_on_water_one_cm":7965,"minecraft:total_world_time":170109,"minecraft:interact_with_furnace":104,"minecraft:traded_with_villager":119,"minecraft:raid_trigger":1,"minecraft:sleep_in_bed":12,"minecraft:time_since_rest":5863,"minecraft:damage_taken":4724,"minecraft:damage_dealt":16964,"minecraft:swim_one_cm":27124,"minecraft:fly_one_cm":769685,"minecraft:open_chest":43,"minecraft:crouch_one_cm":28026,"minecraft:fall_one_cm":93818}},"DataVersion":3839}