{"stats":{"minecraft:killed_by":{"minecraft:piglin_brute":8,"minecraft:pillager":1,"minecraft:piglin":8,"minecraft:zombie":3,"minecraft:player":1,"minecraft:enderman":1,"minecraft:iron_golem":5,"minecraft:skeleton":1},"minecraft:mined":{"minecraft:spruce_planks":51,"minecraft:white_bed":25,"minecraft:farmland":29,"minecraft:cobblestone_stairs":4,"minecraft:brewing_stand":1,"minecraft:obsidian":8,"minecraft:spruce_trapdoor":14,"minecraft:granite":54,"minecraft:grass_block":1119,"minecraft:cracked_polished_blackstone_bricks":10,"minecraft:composter":8,"minecraft:oxeye_daisy":119,"minecraft:tall_seagrass":1,"minecraft:polished_blackstone_bricks":15,"minecraft:fire":13,"minecraft:iron_ore":32,"minecraft:sticky_piston":3,"minecraft:pumpkin":4,"minecraft:fletching_table":2,"minecraft:azure_bluet":44,"minecraft:dirt_path":408,"minecraft:oak_stairs":93,"minecraft:spruce_slab":27,"minecraft:piston_head":1,"minecraft:blackstone":7,"minecraft:crimson_nylium":85,"minecraft:smoker":1,"minecraft:torch":16,"minecraft:blast_furnace":4,"minecraft:poppy":8,"minecraft:chest":2,"minecraft:spruce_wall_sign":2,"minecraft:nether_quartz_ore":4,"minecraft:cobblestone":79,"minecraft:slime_block":7,"minecraft:grindstone":3,"minecraft:sugar_cane":1,"minecraft:oak_planks":57,"minecraft:iron_door":2,"minecraft:seagrass":1,"minecraft:powered_rail":2,"minecraft:nether_wart_block":5,"minecraft:light_gray_stained_glass":236,"minecraft:birch_log":44,"minecraft:wheat":30,"minecraft:stripped_oak_wood":2,"minecraft:oak_log":265,"minecraft:beetroots":4,"minecraft:oak_fence_gate":5,"minecraft:crimson_planks":9,"minecraft:sand":2,"minecraft:dirt":346,"minecraft:netherrack":2704,"minecraft:oak_leaves":84,"minecraft:mossy_cobblestone":10,"minecraft:oak_door":1,"minecraft:lever":2,"minecraft:crimson_roots":3,"minecraft:redstone_wire":2,"minecraft:spruce_leaves":99,"minecraft:cartography_table":1,"minecraft:crimson_stem":3,"minecraft:large_fern":1,"minecraft:hay_block":13,"minecraft:oak_trapdoor":19,"minecraft:spruce_sapling":62,"minecraft:furnace":7,"minecraft:carrots":485,"minecraft:andesite":76,"minecraft:gold_block":3,"minecraft:bell":7,"minecraft:bookshelf":6,"minecraft:potatoes":14,"minecraft:stripped_oak_log":3,"minecraft:stone":499,"minecraft:bone_block":121,"minecraft:podzol":443,"minecraft:smithing_table":8,"minecraft:glass_pane":3,"minecraft:soul_sand":1,"minecraft:basalt":3,"minecraft:observer":3,"minecraft:dandelion":12,"minecraft:oak_fence":56,"minecraft:crafting_table":15,"minecraft:cornflower":1,"minecraft:short_grass":180,"minecraft:spruce_button":2,"minecraft:emerald_ore":2,"minecraft:lectern":13,"minecraft:copper_ore":2,"minecraft:tall_grass":16,"minecraft:lily_pad":1,"minecraft:birch_planks":5,"minecraft:spruce_log":176,"minecraft:yellow_bed":9,"minecraft:coal_ore":56,"minecraft:gravel":291,"minecraft:oak_button":1},"minecraft:dropped":{"minecraft:spruce_sign":3,"minecraft:iron_sword":1,"minecraft:diamond_axe":1,"minecraft:crossbow":12,"minecraft:dirt":13,"minecraft:cornflower":1,"minecraft:crimson_roots":11,"minecraft:bone_meal":119,"minecraft:bone_block":64,"minecraft:gold_ingot":6,"minecraft:bone":4,"minecraft:stone_axe":1,"minecraft:sugar_cane":3,"minecraft:birch_sapling":1,"minecraft:obsidian":9,"minecraft:beetroot":4,"minecraft:azure_bluet":2,"minecraft:carrot":1785,"minecraft:poppy":17,"minecraft:gunpowder":1,"minecraft:beetroot_seeds":12,"minecraft:chainmail_boots":12,"minecraft:arrow":7,"minecraft:ghast_tear":1,"minecraft:netherrack":2384,"minecraft:water_bucket":1,"minecraft:iron_ingot":1,"minecraft:wheat_seeds":14,"minecraft:cobblestone":1,"minecraft:apple":1,"minecraft:stick":70,"minecraft:oxeye_daisy":2,"minecraft:golden_carrot":32,"minecraft:torch":29,"minecraft:iron_axe":10,"minecraft:bucket":1,"minecraft:spruce_sapling":17,"minecraft:dandelion":22,"minecraft:suspicious_stew":12,"minecraft:shield":15,"minecraft:oak_button":1,"minecraft:spruce_planks":14,"minecraft:iron_chestplate":4,"minecraft:oak_boat":1,"minecraft:oak_sapling":28,"minecraft:bow":10},"minecraft:killed":{"minecraft:spider":2,"minecraft:skeleton":14,"minecraft:piglin_brute":5,"minecraft:piglin":18,"minecraft:pig":15,"minecraft:iron_golem":17,"minecraft:creeper":1,"minecraft:sheep":20,"minecraft:trader_llama":2,"minecraft:pillager":8,"minecraft:zombie":33,"minecraft:ghast":1,"minecraft:cow":11,"minecraft:slime":6,"minecraft:villager":2,"minecraft:enderman":1},"minecraft:custom":{"minecraft:interact_with_crafting_table":93,"minecraft:bell_ring":24,"minecraft:leave_game":33,"minecraft:time_since_death":10172,"minecraft:sprint_one_cm":1936196,"minecraft:damage_blocked_by_shield":3952,"minecraft:drop":217,"minecraft:talked_to_villager":384,"minecraft:play_time":658638,"minecraft:deaths":31,"minecraft:jump":8336,"minecraft:interact_with_brewingstand":1,"minecraft:walk_on_water_one_cm":52198,"minecraft:interact_with_furnace":114,"minecraft:traded_with_villager":2681,"minecraft:sleep_in_bed":39,"minecraft:damage_dealt":34814,"minecraft:crouch_one_cm":141614,"minecraft:use_cauldron":11,"minecraft:mob_kills":157,"minecraft:interact_with_anvil":24,"minecraft:climb_one_cm":2002,"minecraft:walk_one_cm":2047860,"minecraft:sneak_time":36394,"minecraft:walk_under_water_one_cm":20735,"minecraft:boat_one_cm":122914,"minecraft:interact_with_blast_furnace":5,"minecraft:total_world_time":658638,"minecraft:raid_trigger":1,"minecraft:interact_with_grindstone":2,"minecraft:time_since_rest":10217,"minecraft:damage_taken":14293,"minecraft:swim_one_cm":54805,"minecraft:fly_one_cm":1605376,"minecraft:open_chest":438,"minecraft:fall_one_cm":217502},"minecraft:used":{"minecraft:iron_shovel":684,"minecraft:spruce_slab":28,"minecraft:diamond_hoe":553,"minecraft:chest":16,"minecraft:shield":40,"minecraft:iron_sword":225,"minecraft:stone":2,"minecraft:bell":7,"minecraft:iron_chestplate":2,"minecraft:mutton":17,"minecraft:carrot":703,"minecraft:obsidian":9,"minecraft:spruce_boat":6,"minecraft:lava_bucket":32,"minecraft:bow":34,"minecraft:furnace":10,"minecraft:egg":6,"minecraft:potato":9,"minecraft:diamond_boots":1,"minecraft:oak_planks":154,"minecraft:stone_pickaxe":193,"minecraft:powered_rail":8,"minecraft:blackstone":5,"minecraft:wooden_pickaxe":20,"minecraft:composter":11,"minecraft:diamond_axe":567,"minecraft:white_wool":2,"minecraft:blast_furnace":3,"minecraft:crossbow":1,"minecraft:sticky_piston":4,"minecraft:lever":4,"minecraft:crying_obsidian":4,"minecraft:dark_oak_log":3,"minecraft:lectern":11,"minecraft:iron_door":2,"minecraft:gravel":204,"minecraft:diamond_sword":60,"minecraft:nether_wart_block":3,"minecraft:chainmail_boots":1,"minecraft:grindstone":3,"minecraft:smithing_table":8,"minecraft:oak_boat":11,"minecraft:bone_meal":421,"minecraft:experience_bottle":219,"minecraft:oak_fence":1,"minecraft:oak_trapdoor":9,"minecraft:stone_sword":165,"minecraft:flint_and_steel":2,"minecraft:redstone":6,"minecraft:spruce_planks":54,"minecraft:netherrack":421,"minecraft:torch":36,"minecraft:anvil":1,"minecraft:dirt":683,"minecraft:diamond_helmet":1,"minecraft:wooden_axe":16,"minecraft:bookshelf":2,"minecraft:light_gray_stained_glass":967,"minecraft:iron_axe":510,"minecraft:spruce_button":7,"minecraft:slime_block":7,"minecraft:iron_boots":1,"minecraft:crimson_planks":12,"minecraft:light_gray_wool":1,"minecraft:diamond_chestplate":1,"minecraft:basalt":3,"minecraft:golden_carrot":56,"minecraft:beef":7,"minecraft:observer":3,"minecraft:iron_leggings":2,"minecraft:wheat_seeds":82,"minecraft:cooked_mutton":9,"minecraft:water_bucket":110,"minecraft:birch_planks":5,"minecraft:spruce_sign":6,"minecraft:fletching_table":4,"minecraft:polished_blackstone_bricks":17,"minecraft:crafting_table":19,"minecraft:white_bed":24,"minecraft:diamond_pickaxe":3814,"minecraft:diamond_shovel":1850,"minecraft:cracked_polished_blackstone_bricks":8,"minecraft:oak_button":1,"minecraft:iron_pickaxe":58,"minecraft:spruce_trapdoor":88,"minecraft:spruce_sapling":435,"minecraft:stone_axe":154,"minecraft:cobblestone":100,"minecraft:cooked_porkchop":10,"minecraft:bucket":146,"minecraft:yellow_bed":9,"minecraft:diamond_leggings":1},"minecraft:picked_up":{"minecraft:iron_chestplate":17,"minecraft:wheat":36,"minecraft:chainmail_boots":18,"minecraft:suspicious_stew":5,"minecraft:lead":2,"minecraft:smithing_table":8,"minecraft:diamond_sword":4,"minecraft:oak_stairs":93,"minecraft:gilded_blackstone":9,"minecraft:crimson_planks":9,"minecraft:brewing_stand":1,"minecraft:golden_sword":3,"minecraft:string":3,"minecraft:raw_copper":29,"minecraft:iron_leggings":13,"minecraft:sticky_piston":4,"minecraft:beetroot":8,"minecraft:diamond_leggings":6,"minecraft:bucket":1,"minecraft:spruce_planks":190,"minecraft:netherite_upgrade_smithing_template":2,"minecraft:iron_pickaxe":7,"minecraft:iron_boots":5,"minecraft:furnace":7,"minecraft:stick":1440,"minecraft:composter":21,"minecraft:oak_fence":55,"minecraft:torch":85,"minecraft:porkchop":31,"minecraft:stone_sword":6,"minecraft:rotten_flesh":43,"minecraft:obsidian":25,"minecraft:cobblestone":579,"minecraft:birch_log":236,"minecraft:cooked_beef":1,"minecraft:magma_cream":6,"minecraft:iron_door":2,"minecraft:water_bucket":8,"minecraft:andesite":76,"minecraft:smoker":8,"minecraft:potato":42,"minecraft:flint":72,"minecraft:dirt":2211,"minecraft:glass":212,"minecraft:bone":10,"minecraft:bow":16,"minecraft:wheat_seeds":111,"minecraft:bell":7,"minecraft:grindstone":3,"minecraft:diamond_helmet":7,"minecraft:fletching_table":2,"minecraft:powered_rail":8,"minecraft:oak_planks":655,"minecraft:ghast_tear":1,"minecraft:cooked_porkchop":22,"minecraft:dark_oak_log":3,"minecraft:mossy_cobblestone":10,"minecraft:snout_armor_trim_smithing_template":3,"minecraft:spruce_boat":6,"minecraft:slime_block":7,"minecraft:lever":4,"minecraft:cracked_polished_blackstone_bricks":19,"minecraft:crossbow":20,"minecraft:granite":52,"minecraft:spruce_sign":2,"minecraft:spruce_button":7,"minecraft:emerald":84,"minecraft:oak_sapling":169,"minecraft:netherrack":3202,"minecraft:dark_oak_fence":2,"minecraft:crimson_roots":12,"minecraft:diamond_pickaxe":8,"minecraft:crafting_table":15,"minecraft:azure_bluet":45,"minecraft:ladder":3,"minecraft:gold_block":19,"minecraft:shield":40,"minecraft:cornflower":1,"minecraft:oak_trapdoor":19,"minecraft:iron_axe":24,"minecraft:flint_and_steel":2,"minecraft:iron_shovel":9,"minecraft:blackstone":11,"minecraft:cartography_table":1,"minecraft:beef":71,"minecraft:oak_boat":11,"minecraft:observer":3,"minecraft:iron_nugget":14,"minecraft:poppy":56,"minecraft:light_gray_wool":1,"minecraft:spruce_slab":28,"minecraft:lectern":13,"minecraft:sugar_cane":3,"minecraft:chest":2,"minecraft:birch_sapling":10,"minecraft:spruce_trapdoor":65,"minecraft:egg":9,"minecraft:raw_iron":76,"minecraft:oak_door":2,"minecraft:fire_charge":2,"minecraft:polished_blackstone_bricks":31,"minecraft:cookie":64,"minecraft:carrot":2825,"minecraft:redstone":186,"minecraft:arrow":156,"minecraft:diamond_chestplate":4,"minecraft:beetroot_seeds":24,"minecraft:diamond_boots":7,"minecraft:hay_block":13,"minecraft:gold_ingot":4,"minecraft:mutton":29,"minecraft:bone_block":121,"minecraft:white_wool":17,"minecraft:oxeye_daisy":124,"minecraft:stripped_oak_log":3,"minecraft:basalt":9,"minecraft:golden_carrot":339,"minecraft:crimson_stem":25,"minecraft:leather":39,"minecraft:birch_planks":5,"minecraft:oak_log":432,"minecraft:lily_pad":2,"minecraft:ancient_debris":2,"minecraft:golden_boots":1,"minecraft:yellow_bed":9,"minecraft:nether_wart_block":7,"minecraft:gunpowder":5,"minecraft:cobblestone_stairs":4,"minecraft:apple":2,"minecraft:oak_fence_gate":5,"minecraft:iron_ingot":183,"minecraft:stone_pickaxe":7,"minecraft:stripped_oak_wood":2,"minecraft:iron_sword":10,"minecraft:soul_sand":3,"minecraft:book":102,"minecraft:light_gray_stained_glass":78,"minecraft:pumpkin":4,"minecraft:quartz":4,"minecraft:dandelion":38,"minecraft:gravel":451,"minecraft:spruce_sapling":545,"minecraft:blast_furnace":12,"minecraft:white_bed":30,"minecraft:spruce_log":7794,"minecraft:diamond_shovel":5,"minecraft:slime_ball":2,"minecraft:stone_axe":6,"minecraft:iron_helmet":6,"minecraft:diamond_axe":3,"minecraft:gray_wool":1,"minecraft:oak_button":1,"minecraft:black_wool":1,"minecraft:coal":148},"minecraft:crafted":{"minecraft:grindstone":1,"minecraft:oak_planks":1164,"minecraft:cobblestone_slab":6,"minecraft:stone":5,"minecraft:lever":1,"minecraft:diamond_shovel":9,"minecraft:bookshelf":10,"minecraft:cooked_mutton":9,"minecraft:suspicious_stew":7,"minecraft:glass":740,"minecraft:diamond_helmet":1,"minecraft:diamond_leggings":1,"minecraft:bow":11,"minecraft:iron_boots":1,"minecraft:chest":22,"minecraft:oak_button":1,"minecraft:iron_door":3,"minecraft:oak_slab":30,"minecraft:emerald":1985,"minecraft:cooked_porkchop":29,"minecraft:diamond_axe":6,"minecraft:crafting_table":7,"minecraft:spruce_planks":30096,"minecraft:wooden_pickaxe":3,"minecraft:iron_helmet":1,"minecraft:smithing_table":1,"minecraft:sticky_piston":1,"minecraft:fletching_table":2,"minecraft:birch_planks":88,"minecraft:spruce_trapdoor":172,"minecraft:iron_chestplate":5,"minecraft:diamond_pickaxe":16,"minecraft:shield":16,"minecraft:stick":61378,"minecraft:stone_slab":6,"minecraft:iron_ingot":64,"minecraft:iron_pickaxe":1,"minecraft:iron_block":3,"minecraft:stone_sword":2,"minecraft:gold_ingot":45,"minecraft:light_gray_dye":163,"minecraft:composter":7,"minecraft:golden_carrot":78,"minecraft:cookie":144,"minecraft:redstone":106,"minecraft:light_gray_stained_glass":952,"minecraft:experience_bottle":230,"minecraft:diamond_hoe":5,"minecraft:spruce_button":4,"minecraft:furnace":4,"minecraft:piston":1,"minecraft:bone_meal":540,"minecraft:oak_trapdoor":2,"minecraft:flint_and_steel":1,"minecraft:lantern":12,"minecraft:iron_axe":13,"minecraft:spruce_slab":24,"minecraft:ender_pearl":7,"minecraft:stone_pickaxe":2,"minecraft:diamond_boots":1,"minecraft:spruce_boat":3,"minecraft:observer":1,"minecraft:wheat":117,"minecraft:cooked_beef":7,"minecraft:crimson_planks":100,"minecraft:crossbow":12,"minecraft:diamond_sword":3,"minecraft:spruce_sign":12,"minecraft:powered_rail":6,"minecraft:bucket":4,"minecraft:stone_axe":12,"minecraft:glowstone":8,"minecraft:enchanted_book":2,"minecraft:air":0,"minecraft:oak_boat":2,"minecraft:chainmail_boots":12,"minecraft:wooden_axe":1,"minecraft:iron_shovel":2,"minecraft:iron_leggings":7,"minecraft:anvil":1,"minecraft:white_bed":1,"minecraft:pumpkin_pie":48,"minecraft:torch":212,"minecraft:lapis_lazuli":11,"minecraft:diamond_chestplate":2},"minecraft:broken":{"minecraft:iron_shovel":1,"minecraft:stone_pickaxe":1,"minecraft:stone_axe":1,"minecraft:diamond_axe":1,"minecraft:iron_axe":3,"minecraft:iron_pickaxe":1}},"DataVersion":3839}