{"stats":{"minecraft:used":{"minecraft:oak_trapdoor":6,"minecraft:stone_sword":165,"minecraft:iron_shovel":152,"minecraft:flint_and_steel":1,"minecraft:chest":8,"minecraft:shield":6,"minecraft:iron_sword":39,"minecraft:bell":7,"minecraft:dirt":65,"minecraft:mutton":17,"minecraft:carrot":13,"minecraft:wooden_axe":16,"minecraft:lava_bucket":10,"minecraft:iron_axe":289,"minecraft:light_gray_wool":1,"minecraft:beef":5,"minecraft:furnace":10,"minecraft:egg":6,"minecraft:potato":9,"minecraft:cooked_mutton":9,"minecraft:water_bucket":31,"minecraft:birch_planks":5,"minecraft:stone_pickaxe":193,"minecraft:oak_planks":147,"minecraft:wooden_pickaxe":20,"minecraft:fletching_table":3,"minecraft:white_wool":2,"minecraft:crafting_table":12,"minecraft:crossbow":1,"minecraft:white_bed":10,"minecraft:dark_oak_log":3,"minecraft:iron_pickaxe":1,"minecraft:lectern":11,"minecraft:stone_axe":154,"minecraft:cobblestone":15,"minecraft:cooked_porkchop":9,"minecraft:bucket":43,"minecraft:yellow_bed":5,"minecraft:oak_boat":1},"minecraft:broken":{"minecraft:stone_pickaxe":1,"minecraft:iron_axe":1,"minecraft:stone_axe":1},"minecraft:dropped":{"minecraft:wheat_seeds":5,"minecraft:crossbow":12,"minecraft:dirt":1,"minecraft:torch":28,"minecraft:dandelion":3,"minecraft:sugar_cane":3,"minecraft:birch_sapling":1,"minecraft:poppy":6,"minecraft:oak_sapling":28,"minecraft:bow":10},"minecraft:custom":{"minecraft:mob_kills":69,"minecraft:interact_with_crafting_table":44,"minecraft:bell_ring":19,"minecraft:leave_game":13,"minecraft:time_since_death":15373,"minecraft:climb_one_cm":1246,"minecraft:sprint_one_cm":589660,"minecraft:walk_one_cm":322569,"minecraft:damage_blocked_by_shield":360,"minecraft:drop":33,"minecraft:talked_to_villager":33,"minecraft:play_time":137014,"minecraft:deaths":10,"minecraft:sneak_time":6930,"minecraft:walk_under_water_one_cm":7267,"minecraft:boat_one_cm":13722,"minecraft:jump":2985,"minecraft:walk_on_water_one_cm":7965,"minecraft:total_world_time":137014,"minecraft:interact_with_furnace":104,"minecraft:traded_with_villager":61,"minecraft:sleep_in_bed":10,"minecraft:time_since_rest":15055,"minecraft:damage_taken":4251,"minecraft:damage_dealt":13006,"minecraft:swim_one_cm":27124,"minecraft:fly_one_cm":627107,"minecraft:open_chest":24,"minecraft:crouch_one_cm":22182,"minecraft:fall_one_cm":81577},"minecraft:killed_by":{"minecraft:player":1,"minecraft:pillager":1,"minecraft:iron_golem":4,"minecraft:skeleton":1,"minecraft:zombie":2},"minecraft:mined":{"minecraft:white_bed":11,"minecraft:mossy_cobblestone":1,"minecraft:brewing_stand":1,"minecraft:grass_block":78,"minecraft:spruce_leaves":5,"minecraft:cartography_table":1,"minecraft:composter":5,"minecraft:large_fern":1,"minecraft:oak_trapdoor":4,"minecraft:furnace":7,"minecraft:carrots":30,"minecraft:iron_ore":27,"minecraft:pumpkin":4,"minecraft:fletching_table":2,"minecraft:bell":7,"minecraft:bookshelf":4,"minecraft:potatoes":9,"minecraft:dirt_path":80,"minecraft:stripped_oak_log":3,"minecraft:stone":61,"minecraft:smithing_table":1,"minecraft:smoker":1,"minecraft:dandelion":1,"minecraft:oak_fence":2,"minecraft:crafting_table":8,"minecraft:short_grass":63,"minecraft:blast_furnace":1,"minecraft:chest":2,"minecraft:lectern":13,"minecraft:tall_grass":14,"minecraft:cobblestone":23,"minecraft:grindstone":1,"minecraft:sugar_cane":1,"minecraft:oak_planks":13,"minecraft:birch_planks":5,"minecraft:birch_log":40,"minecraft:wheat":4,"minecraft:yellow_bed":5,"minecraft:oak_log":233,"minecraft:coal_ore":25,"minecraft:oak_fence_gate":1,"minecraft:dirt":10,"minecraft:netherrack":30,"minecraft:oak_leaves":64},"minecraft:picked_up":{"minecraft:crafting_table":8,"minecraft:iron_chestplate":1,"minecraft:wheat":10,"minecraft:ladder":3,"minecraft:smithing_table":1,"minecraft:brewing_stand":1,"minecraft:shield":2,"minecraft:string":2,"minecraft:oak_trapdoor":4,"minecraft:iron_axe":8,"minecraft:iron_shovel":8,"minecraft:cartography_table":1,"minecraft:beef":69,"minecraft:oak_boat":1,"minecraft:light_gray_wool":1,"minecraft:poppy":30,"minecraft:iron_pickaxe":1,"minecraft:lectern":13,"minecraft:sugar_cane":3,"minecraft:chest":2,"minecraft:birch_sapling":10,"minecraft:furnace":7,"minecraft:iron_boots":1,"minecraft:egg":9,"minecraft:stick":1117,"minecraft:raw_iron":36,"minecraft:composter":18,"minecraft:oak_fence":1,"minecraft:torch":56,"minecraft:porkchop":31,"minecraft:carrot":324,"minecraft:stone_sword":6,"minecraft:arrow":1,"minecraft:rotten_flesh":35,"minecraft:mutton":29,"minecraft:stripped_oak_log":3,"minecraft:white_wool":17,"minecraft:cobblestone":84,"minecraft:birch_log":184,"minecraft:cooked_beef":1,"minecraft:leather":31,"minecraft:smoker":8,"minecraft:potato":24,"minecraft:birch_planks":5,"minecraft:flint":11,"minecraft:oak_log":233,"minecraft:yellow_bed":5,"minecraft:dirt":186,"minecraft:bone":1,"minecraft:apple":1,"minecraft:bow":10,"minecraft:wheat_seeds":14,"minecraft:stone_pickaxe":7,"minecraft:grindstone":1,"minecraft:bell":7,"minecraft:iron_ingot":133,"minecraft:oak_fence_gate":1,"minecraft:fletching_table":2,"minecraft:iron_sword":1,"minecraft:oak_planks":547,"minecraft:book":96,"minecraft:cooked_porkchop":22,"minecraft:pumpkin":4,"minecraft:dandelion":19,"minecraft:blast_furnace":9,"minecraft:white_bed":16,"minecraft:dark_oak_log":3,"minecraft:mossy_cobblestone":1,"minecraft:iron_helmet":1,"minecraft:crossbow":14,"minecraft:gray_wool":1,"minecraft:emerald":18,"minecraft:oak_sapling":162,"minecraft:netherrack":37,"minecraft:black_wool":1,"minecraft:dark_oak_fence":2,"minecraft:coal":41},"minecraft:crafted":{"minecraft:oak_planks":944,"minecraft:furnace":4,"minecraft:cooked_mutton":9,"minecraft:oak_trapdoor":2,"minecraft:bow":11,"minecraft:iron_boots":1,"minecraft:iron_axe":2,"minecraft:stone_pickaxe":2,"minecraft:chest":6,"minecraft:cooked_beef":7,"minecraft:crossbow":12,"minecraft:emerald":38,"minecraft:cooked_porkchop":29,"minecraft:crafting_table":5,"minecraft:wooden_pickaxe":3,"minecraft:iron_helmet":1,"minecraft:birch_planks":88,"minecraft:fletching_table":1,"minecraft:bucket":2,"minecraft:stone_axe":2,"minecraft:air":0,"minecraft:oak_boat":1,"minecraft:iron_chestplate":1,"minecraft:shield":1,"minecraft:stick":1388,"minecraft:iron_ingot":22,"minecraft:iron_pickaxe":1,"minecraft:wooden_axe":1,"minecraft:stone_sword":2,"minecraft:iron_shovel":1,"minecraft:iron_leggings":1,"minecraft:white_bed":1},"minecraft:killed":{"minecraft:spider":1,"minecraft:skeleton":1,"minecraft:pig":15,"minecraft:iron_golem":6,"minecraft:sheep":20,"minecraft:pillager":8,"minecraft:zombie":6,"minecraft:villager":2,"minecraft:cow":10}},"DataVersion":3839}