{"stats":{"minecraft:dropped":{"minecraft:iron_sword":1,"minecraft:wheat_seeds":6,"minecraft:crossbow":12,"minecraft:cobblestone":1,"minecraft:dirt":5,"minecraft:golden_carrot":32,"minecraft:torch":28,"minecraft:iron_axe":10,"minecraft:dandelion":3,"minecraft:sugar_cane":3,"minecraft:birch_sapling":1,"minecraft:beetroot":4,"minecraft:suspicious_stew":12,"minecraft:poppy":6,"minecraft:shield":15,"minecraft:iron_chestplate":4,"minecraft:beetroot_seeds":12,"minecraft:chainmail_boots":12,"minecraft:oak_sapling":28,"minecraft:bow":10},"minecraft:picked_up":{"minecraft:crafting_table":8,"minecraft:iron_chestplate":6,"minecraft:wheat":36,"minecraft:chainmail_boots":12,"minecraft:suspicious_stew":5,"minecraft:ladder":3,"minecraft:smithing_table":8,"minecraft:brewing_stand":1,"minecraft:shield":19,"minecraft:oak_trapdoor":4,"minecraft:string":2,"minecraft:iron_axe":16,"minecraft:iron_leggings":1,"minecraft:iron_shovel":9,"minecraft:beetroot":8,"minecraft:diamond_leggings":1,"minecraft:cartography_table":1,"minecraft:spruce_planks":98,"minecraft:beef":69,"minecraft:oak_boat":1,"minecraft:iron_pickaxe":3,"minecraft:poppy":34,"minecraft:light_gray_wool":1,"minecraft:lectern":13,"minecraft:sugar_cane":3,"minecraft:chest":2,"minecraft:birch_sapling":10,"minecraft:furnace":7,"minecraft:iron_boots":2,"minecraft:egg":9,"minecraft:stick":1212,"minecraft:raw_iron":76,"minecraft:oak_fence":1,"minecraft:composter":18,"minecraft:torch":57,"minecraft:porkchop":31,"minecraft:carrot":351,"minecraft:diamond_chestplate":1,"minecraft:stone_sword":6,"minecraft:arrow":2,"minecraft:rotten_flesh":42,"minecraft:beetroot_seeds":24,"minecraft:diamond_boots":1,"minecraft:hay_block":13,"minecraft:mutton":29,"minecraft:white_wool":17,"minecraft:cobblestone":104,"minecraft:birch_log":184,"minecraft:stripped_oak_log":3,"minecraft:cooked_beef":1,"minecraft:golden_carrot":44,"minecraft:leather":31,"minecraft:smoker":8,"minecraft:potato":41,"minecraft:birch_planks":5,"minecraft:flint":61,"minecraft:oak_log":233,"minecraft:yellow_bed":5,"minecraft:dirt":618,"minecraft:bone":3,"minecraft:apple":1,"minecraft:bow":10,"minecraft:wheat_seeds":97,"minecraft:bell":7,"minecraft:oak_fence_gate":1,"minecraft:grindstone":1,"minecraft:iron_ingot":153,"minecraft:stone_pickaxe":7,"minecraft:diamond_helmet":1,"minecraft:fletching_table":2,"minecraft:oak_planks":608,"minecraft:iron_sword":4,"minecraft:book":96,"minecraft:cooked_porkchop":22,"minecraft:pumpkin":4,"minecraft:dandelion":19,"minecraft:gravel":375,"minecraft:spruce_sapling":132,"minecraft:blast_furnace":10,"minecraft:white_bed":16,"minecraft:spruce_log":3062,"minecraft:dark_oak_log":3,"minecraft:mossy_cobblestone":1,"minecraft:diamond_shovel":1,"minecraft:iron_helmet":2,"minecraft:diamond_axe":1,"minecraft:crossbow":14,"minecraft:gray_wool":1,"minecraft:emerald":75,"minecraft:oak_sapling":162,"minecraft:black_wool":1,"minecraft:netherrack":37,"minecraft:dark_oak_fence":2,"minecraft:coal":127},"minecraft:crafted":{"minecraft:golden_carrot":78,"minecraft:grindstone":1,"minecraft:cookie":144,"minecraft:oak_planks":944,"minecraft:cobblestone_slab":6,"minecraft:diamond_hoe":5,"minecraft:furnace":4,"minecraft:stone":3,"minecraft:diamond_shovel":5,"minecraft:cooked_mutton":9,"minecraft:suspicious_stew":7,"minecraft:oak_trapdoor":2,"minecraft:diamond_helmet":1,"minecraft:diamond_leggings":1,"minecraft:bow":11,"minecraft:iron_boots":1,"minecraft:iron_axe":13,"minecraft:stone_pickaxe":2,"minecraft:chest":22,"minecraft:diamond_boots":1,"minecraft:wheat":117,"minecraft:cooked_beef":7,"minecraft:crossbow":12,"minecraft:emerald":534,"minecraft:cooked_porkchop":29,"minecraft:diamond_axe":2,"minecraft:crafting_table":5,"minecraft:spruce_planks":7512,"minecraft:wooden_pickaxe":3,"minecraft:iron_helmet":1,"minecraft:smithing_table":1,"minecraft:fletching_table":2,"minecraft:birch_planks":88,"minecraft:bucket":2,"minecraft:stone_axe":12,"minecraft:air":0,"minecraft:oak_boat":1,"minecraft:iron_chestplate":5,"minecraft:shield":16,"minecraft:stone_slab":6,"minecraft:stick":16246,"minecraft:chainmail_boots":12,"minecraft:iron_ingot":64,"minecraft:iron_pickaxe":1,"minecraft:wooden_axe":1,"minecraft:iron_block":3,"minecraft:stone_sword":2,"minecraft:iron_shovel":2,"minecraft:iron_leggings":7,"minecraft:anvil":1,"minecraft:white_bed":1,"minecraft:pumpkin_pie":48,"minecraft:torch":24,"minecraft:diamond_chestplate":1},"minecraft:killed_by":{"minecraft:player":1,"minecraft:pillager":1,"minecraft:iron_golem":5,"minecraft:skeleton":1,"minecraft:zombie":3},"minecraft:broken":{"minecraft:iron_shovel":1,"minecraft:stone_pickaxe":1,"minecraft:iron_axe":3,"minecraft:stone_axe":1},"minecraft:used":{"minecraft:oak_trapdoor":6,"minecraft:stone_sword":165,"minecraft:iron_shovel":684,"minecraft:flint_and_steel":1,"minecraft:diamond_hoe":29,"minecraft:spruce_planks":1,"minecraft:chest":16,"minecraft:shield":20,"minecraft:iron_sword":127,"minecraft:bell":7,"minecraft:iron_chestplate":1,"minecraft:torch":17,"minecraft:anvil":1,"minecraft:dirt":133,"minecraft:mutton":17,"minecraft:carrot":34,"minecraft:diamond_helmet":1,"minecraft:wooden_axe":16,"minecraft:lava_bucket":10,"minecraft:iron_axe":498,"minecraft:iron_boots":1,"minecraft:diamond_chestplate":1,"minecraft:light_gray_wool":1,"minecraft:golden_carrot":4,"minecraft:beef":5,"minecraft:furnace":10,"minecraft:egg":6,"minecraft:potato":9,"minecraft:iron_leggings":1,"minecraft:wheat_seeds":81,"minecraft:cooked_mutton":9,"minecraft:water_bucket":31,"minecraft:diamond_boots":1,"minecraft:birch_planks":5,"minecraft:stone_pickaxe":193,"minecraft:oak_planks":149,"minecraft:wooden_pickaxe":20,"minecraft:composter":1,"minecraft:diamond_axe":19,"minecraft:fletching_table":4,"minecraft:white_wool":2,"minecraft:blast_furnace":2,"minecraft:crafting_table":12,"minecraft:crossbow":1,"minecraft:white_bed":10,"minecraft:diamond_shovel":168,"minecraft:dark_oak_log":3,"minecraft:iron_pickaxe":57,"minecraft:lectern":11,"minecraft:spruce_sapling":112,"minecraft:gravel":204,"minecraft:stone_axe":154,"minecraft:cobblestone":18,"minecraft:grindstone":1,"minecraft:cooked_porkchop":9,"minecraft:smithing_table":8,"minecraft:bucket":43,"minecraft:yellow_bed":5,"minecraft:oak_boat":1,"minecraft:diamond_leggings":1},"minecraft:mined":{"minecraft:white_bed":11,"minecraft:mossy_cobblestone":1,"minecraft:brewing_stand":1,"minecraft:grass_block":144,"minecraft:spruce_leaves":31,"minecraft:cartography_table":1,"minecraft:composter":5,"minecraft:large_fern":1,"minecraft:hay_block":13,"minecraft:oak_trapdoor":4,"minecraft:spruce_sapling":3,"minecraft:furnace":7,"minecraft:carrots":33,"minecraft:iron_ore":32,"minecraft:pumpkin":4,"minecraft:fletching_table":2,"minecraft:bell":7,"minecraft:bookshelf":4,"minecraft:potatoes":13,"minecraft:dirt_path":103,"minecraft:stripped_oak_log":3,"minecraft:stone":78,"minecraft:podzol":397,"minecraft:smithing_table":8,"minecraft:smoker":1,"minecraft:dandelion":1,"minecraft:oak_fence":2,"minecraft:crafting_table":8,"minecraft:torch":1,"minecraft:short_grass":95,"minecraft:blast_furnace":2,"minecraft:emerald_ore":2,"minecraft:chest":2,"minecraft:lectern":13,"minecraft:cobblestone":23,"minecraft:tall_grass":14,"minecraft:sugar_cane":1,"minecraft:grindstone":1,"minecraft:oak_planks":13,"minecraft:birch_planks":5,"minecraft:birch_log":40,"minecraft:wheat":30,"minecraft:spruce_log":172,"minecraft:yellow_bed":5,"minecraft:coal_ore":50,"minecraft:oak_log":233,"minecraft:beetroots":4,"minecraft:oak_fence_gate":1,"minecraft:gravel":204,"minecraft:dirt":25,"minecraft:netherrack":30,"minecraft:oak_leaves":64},"minecraft:custom":{"minecraft:interact_with_anvil":6,"minecraft:mob_kills":88,"minecraft:interact_with_crafting_table":56,"minecraft:bell_ring":21,"minecraft:leave_game":21,"minecraft:time_since_death":5889,"minecraft:climb_one_cm":1246,"minecraft:sprint_one_cm":862063,"minecraft:walk_one_cm":585129,"minecraft:damage_blocked_by_shield":1672,"minecraft:drop":94,"minecraft:talked_to_villager":153,"minecraft:play_time":237526,"minecraft:deaths":12,"minecraft:sneak_time":12976,"minecraft:walk_under_water_one_cm":7267,"minecraft:boat_one_cm":13722,"minecraft:jump":4444,"minecraft:interact_with_blast_furnace":4,"minecraft:walk_on_water_one_cm":7965,"minecraft:total_world_time":237526,"minecraft:interact_with_furnace":112,"minecraft:traded_with_villager":684,"minecraft:raid_trigger":1,"minecraft:sleep_in_bed":17,"minecraft:time_since_rest":5914,"minecraft:damage_taken":5231,"minecraft:damage_dealt":21764,"minecraft:swim_one_cm":27124,"minecraft:fly_one_cm":901027,"minecraft:open_chest":123,"minecraft:crouch_one_cm":39698,"minecraft:fall_one_cm":109039},"minecraft:killed":{"minecraft:spider":1,"minecraft:skeleton":5,"minecraft:pig":15,"minecraft:iron_golem":13,"minecraft:sheep":20,"minecraft:pillager":8,"minecraft:zombie":14,"minecraft:villager":2,"minecraft:cow":10}},"DataVersion":3839}