{"stats":{"minecraft:crafted":{"minecraft:grindstone":1,"minecraft:oak_planks":1156,"minecraft:cobblestone_slab":6,"minecraft:stone":3,"minecraft:diamond_shovel":5,"minecraft:bookshelf":9,"minecraft:cooked_mutton":9,"minecraft:suspicious_stew":7,"minecraft:glass":740,"minecraft:diamond_helmet":1,"minecraft:diamond_leggings":1,"minecraft:bow":11,"minecraft:iron_boots":1,"minecraft:chest":22,"minecraft:oak_button":1,"minecraft:iron_door":3,"minecraft:oak_slab":30,"minecraft:emerald":1060,"minecraft:cooked_porkchop":29,"minecraft:diamond_axe":4,"minecraft:crafting_table":6,"minecraft:spruce_planks":15380,"minecraft:wooden_pickaxe":3,"minecraft:iron_helmet":1,"minecraft:smithing_table":1,"minecraft:fletching_table":2,"minecraft:birch_planks":88,"minecraft:spruce_trapdoor":42,"minecraft:iron_chestplate":5,"minecraft:diamond_pickaxe":8,"minecraft:shield":16,"minecraft:stick":32674,"minecraft:stone_slab":6,"minecraft:iron_ingot":64,"minecraft:iron_pickaxe":1,"minecraft:iron_block":3,"minecraft:stone_sword":2,"minecraft:light_gray_dye":163,"minecraft:composter":7,"minecraft:golden_carrot":78,"minecraft:cookie":144,"minecraft:light_gray_stained_glass":952,"minecraft:diamond_hoe":5,"minecraft:experience_bottle":29,"minecraft:spruce_button":4,"minecraft:furnace":4,"minecraft:oak_trapdoor":2,"minecraft:flint_and_steel":1,"minecraft:lantern":12,"minecraft:iron_axe":13,"minecraft:spruce_slab":24,"minecraft:ender_pearl":7,"minecraft:stone_pickaxe":2,"minecraft:diamond_boots":1,"minecraft:wheat":117,"minecraft:cooked_beef":7,"minecraft:crossbow":12,"minecraft:spruce_sign":3,"minecraft:bucket":3,"minecraft:stone_axe":12,"minecraft:glowstone":8,"minecraft:air":0,"minecraft:oak_boat":1,"minecraft:chainmail_boots":12,"minecraft:wooden_axe":1,"minecraft:iron_shovel":2,"minecraft:iron_leggings":7,"minecraft:anvil":1,"minecraft:white_bed":1,"minecraft:pumpkin_pie":48,"minecraft:torch":128,"minecraft:lapis_lazuli":11,"minecraft:diamond_chestplate":1},"minecraft:killed_by":{"minecraft:pillager":1,"minecraft:zombie":3,"minecraft:player":1,"minecraft:iron_golem":5,"minecraft:skeleton":1},"minecraft:custom":{"minecraft:interact_with_crafting_table":74,"minecraft:bell_ring":23,"minecraft:leave_game":22,"minecraft:time_since_death":154162,"minecraft:sprint_one_cm":1216341,"minecraft:damage_blocked_by_shield":1672,"minecraft:drop":115,"minecraft:talked_to_villager":242,"minecraft:play_time":385799,"minecraft:deaths":12,"minecraft:jump":5684,"minecraft:walk_on_water_one_cm":27854,"minecraft:interact_with_furnace":112,"minecraft:traded_with_villager":1481,"minecraft:sleep_in_bed":25,"minecraft:damage_dealt":28393,"minecraft:crouch_one_cm":96221,"minecraft:use_cauldron":7,"minecraft:interact_with_anvil":13,"minecraft:mob_kills":113,"minecraft:climb_one_cm":1246,"minecraft:walk_one_cm":1113714,"minecraft:sneak_time":24869,"minecraft:walk_under_water_one_cm":7436,"minecraft:boat_one_cm":13722,"minecraft:interact_with_blast_furnace":5,"minecraft:total_world_time":385799,"minecraft:raid_trigger":1,"minecraft:time_since_rest":8101,"minecraft:damage_taken":5947,"minecraft:swim_one_cm":27124,"minecraft:fly_one_cm":1151239,"minecraft:open_chest":214,"minecraft:fall_one_cm":130509},"minecraft:used":{"minecraft:iron_shovel":684,"minecraft:spruce_slab":28,"minecraft:diamond_hoe":489,"minecraft:shield":20,"minecraft:chest":16,"minecraft:iron_sword":199,"minecraft:bell":7,"minecraft:iron_chestplate":1,"minecraft:mutton":17,"minecraft:carrot":52,"minecraft:obsidian":9,"minecraft:lava_bucket":18,"minecraft:furnace":10,"minecraft:egg":6,"minecraft:potato":9,"minecraft:diamond_boots":1,"minecraft:stone_pickaxe":193,"minecraft:oak_planks":153,"minecraft:wooden_pickaxe":20,"minecraft:composter":11,"minecraft:diamond_axe":491,"minecraft:white_wool":2,"minecraft:blast_furnace":2,"minecraft:crossbow":1,"minecraft:dark_oak_log":3,"minecraft:lectern":11,"minecraft:iron_door":2,"minecraft:gravel":204,"minecraft:grindstone":1,"minecraft:smithing_table":8,"minecraft:oak_boat":1,"minecraft:experience_bottle":29,"minecraft:oak_trapdoor":6,"minecraft:oak_fence":1,"minecraft:stone_sword":165,"minecraft:flint_and_steel":2,"minecraft:spruce_planks":50,"minecraft:torch":22,"minecraft:dirt":493,"minecraft:anvil":1,"minecraft:diamond_helmet":1,"minecraft:wooden_axe":16,"minecraft:light_gray_stained_glass":938,"minecraft:iron_axe":498,"minecraft:spruce_button":7,"minecraft:iron_boots":1,"minecraft:diamond_chestplate":1,"minecraft:light_gray_wool":1,"minecraft:golden_carrot":19,"minecraft:beef":5,"minecraft:iron_leggings":1,"minecraft:wheat_seeds":81,"minecraft:cooked_mutton":9,"minecraft:water_bucket":61,"minecraft:birch_planks":5,"minecraft:spruce_sign":2,"minecraft:fletching_table":4,"minecraft:crafting_table":17,"minecraft:white_bed":24,"minecraft:diamond_pickaxe":285,"minecraft:diamond_shovel":1388,"minecraft:oak_button":1,"minecraft:iron_pickaxe":58,"minecraft:spruce_trapdoor":42,"minecraft:spruce_sapling":112,"minecraft:stone_axe":154,"minecraft:cobblestone":18,"minecraft:cooked_porkchop":9,"minecraft:bucket":82,"minecraft:yellow_bed":9,"minecraft:diamond_leggings":1},"minecraft:dropped":{"minecraft:spruce_sign":3,"minecraft:iron_sword":1,"minecraft:diamond_axe":1,"minecraft:crossbow":12,"minecraft:dirt":11,"minecraft:cornflower":1,"minecraft:bone":2,"minecraft:sugar_cane":3,"minecraft:birch_sapling":1,"minecraft:beetroot":4,"minecraft:azure_bluet":2,"minecraft:poppy":17,"minecraft:beetroot_seeds":12,"minecraft:chainmail_boots":12,"minecraft:arrow":3,"minecraft:wheat_seeds":10,"minecraft:cobblestone":1,"minecraft:apple":1,"minecraft:stick":2,"minecraft:oxeye_daisy":2,"minecraft:golden_carrot":32,"minecraft:torch":29,"minecraft:iron_axe":10,"minecraft:spruce_sapling":11,"minecraft:dandelion":22,"minecraft:suspicious_stew":12,"minecraft:shield":15,"minecraft:oak_button":1,"minecraft:spruce_planks":14,"minecraft:iron_chestplate":4,"minecraft:oak_sapling":28,"minecraft:bow":10},"minecraft:killed":{"minecraft:spider":2,"minecraft:skeleton":8,"minecraft:pig":15,"minecraft:iron_golem":16,"minecraft:sheep":20,"minecraft:pillager":8,"minecraft:zombie":30,"minecraft:cow":10,"minecraft:villager":2,"minecraft:enderman":1},"minecraft:mined":{"minecraft:spruce_planks":49,"minecraft:white_bed":25,"minecraft:farmland":25,"minecraft:cobblestone_stairs":4,"minecraft:brewing_stand":1,"minecraft:spruce_trapdoor":1,"minecraft:grass_block":866,"minecraft:composter":8,"minecraft:oxeye_daisy":119,"minecraft:iron_ore":32,"minecraft:pumpkin":4,"minecraft:fletching_table":2,"minecraft:azure_bluet":44,"minecraft:dirt_path":404,"minecraft:oak_stairs":93,"minecraft:spruce_slab":27,"minecraft:smoker":1,"minecraft:torch":3,"minecraft:blast_furnace":2,"minecraft:poppy":8,"minecraft:chest":2,"minecraft:spruce_wall_sign":2,"minecraft:cobblestone":56,"minecraft:grindstone":1,"minecraft:oak_planks":52,"minecraft:sugar_cane":1,"minecraft:iron_door":2,"minecraft:light_gray_stained_glass":220,"minecraft:birch_log":44,"minecraft:wheat":30,"minecraft:stripped_oak_wood":2,"minecraft:oak_log":264,"minecraft:beetroots":4,"minecraft:oak_fence_gate":2,"minecraft:sand":2,"minecraft:dirt":221,"minecraft:netherrack":30,"minecraft:oak_leaves":71,"minecraft:mossy_cobblestone":10,"minecraft:oak_door":1,"minecraft:spruce_leaves":37,"minecraft:cartography_table":1,"minecraft:large_fern":1,"minecraft:hay_block":13,"minecraft:oak_trapdoor":18,"minecraft:spruce_sapling":3,"minecraft:furnace":7,"minecraft:carrots":38,"minecraft:bell":7,"minecraft:bookshelf":4,"minecraft:potatoes":13,"minecraft:stripped_oak_log":3,"minecraft:stone":115,"minecraft:smithing_table":8,"minecraft:podzol":440,"minecraft:glass_pane":3,"minecraft:dandelion":12,"minecraft:oak_fence":42,"minecraft:crafting_table":13,"minecraft:cornflower":1,"minecraft:short_grass":161,"minecraft:spruce_button":2,"minecraft:emerald_ore":2,"minecraft:lectern":13,"minecraft:tall_grass":16,"minecraft:birch_planks":5,"minecraft:spruce_log":172,"minecraft:yellow_bed":9,"minecraft:coal_ore":50,"minecraft:gravel":204,"minecraft:oak_button":1},"minecraft:picked_up":{"minecraft:iron_chestplate":6,"minecraft:wheat":36,"minecraft:chainmail_boots":12,"minecraft:suspicious_stew":5,"minecraft:smithing_table":8,"minecraft:oak_stairs":93,"minecraft:brewing_stand":1,"minecraft:string":3,"minecraft:iron_leggings":1,"minecraft:beetroot":8,"minecraft:diamond_leggings":1,"minecraft:spruce_planks":187,"minecraft:iron_pickaxe":3,"minecraft:iron_boots":2,"minecraft:furnace":7,"minecraft:stick":1227,"minecraft:composter":21,"minecraft:oak_fence":41,"minecraft:torch":71,"minecraft:porkchop":31,"minecraft:stone_sword":6,"minecraft:rotten_flesh":43,"minecraft:cobblestone":173,"minecraft:birch_log":194,"minecraft:cooked_beef":1,"minecraft:iron_door":2,"minecraft:smoker":8,"minecraft:potato":41,"minecraft:flint":61,"minecraft:dirt":1727,"minecraft:glass":212,"minecraft:bone":5,"minecraft:bow":10,"minecraft:wheat_seeds":106,"minecraft:bell":7,"minecraft:grindstone":1,"minecraft:diamond_helmet":1,"minecraft:fletching_table":2,"minecraft:oak_planks":647,"minecraft:cooked_porkchop":22,"minecraft:dark_oak_log":3,"minecraft:mossy_cobblestone":10,"minecraft:crossbow":14,"minecraft:spruce_sign":2,"minecraft:spruce_button":7,"minecraft:emerald":75,"minecraft:oak_sapling":165,"minecraft:netherrack":37,"minecraft:dark_oak_fence":2,"minecraft:crafting_table":13,"minecraft:azure_bluet":45,"minecraft:ladder":3,"minecraft:shield":19,"minecraft:cornflower":1,"minecraft:oak_trapdoor":18,"minecraft:iron_axe":16,"minecraft:iron_shovel":9,"minecraft:cartography_table":1,"minecraft:beef":69,"minecraft:oak_boat":1,"minecraft:spruce_slab":28,"minecraft:poppy":48,"minecraft:light_gray_wool":1,"minecraft:lectern":13,"minecraft:sugar_cane":3,"minecraft:chest":2,"minecraft:birch_sapling":10,"minecraft:spruce_trapdoor":1,"minecraft:egg":9,"minecraft:raw_iron":76,"minecraft:oak_door":2,"minecraft:carrot":369,"minecraft:arrow":5,"minecraft:diamond_chestplate":1,"minecraft:beetroot_seeds":24,"minecraft:diamond_boots":1,"minecraft:hay_block":13,"minecraft:mutton":29,"minecraft:white_wool":17,"minecraft:oxeye_daisy":124,"minecraft:stripped_oak_log":3,"minecraft:golden_carrot":44,"minecraft:leather":31,"minecraft:birch_planks":5,"minecraft:oak_log":350,"minecraft:yellow_bed":9,"minecraft:gunpowder":2,"minecraft:cobblestone_stairs":4,"minecraft:apple":2,"minecraft:iron_ingot":164,"minecraft:oak_fence_gate":2,"minecraft:stone_pickaxe":7,"minecraft:stripped_oak_wood":2,"minecraft:iron_sword":4,"minecraft:book":96,"minecraft:pumpkin":4,"minecraft:dandelion":38,"minecraft:gravel":375,"minecraft:spruce_sapling":145,"minecraft:blast_furnace":10,"minecraft:white_bed":30,"minecraft:spruce_log":3841,"minecraft:diamond_shovel":1,"minecraft:iron_helmet":2,"minecraft:diamond_axe":2,"minecraft:gray_wool":1,"minecraft:oak_button":1,"minecraft:black_wool":1,"minecraft:coal":127},"minecraft:broken":{"minecraft:iron_shovel":1,"minecraft:stone_pickaxe":1,"minecraft:stone_axe":1,"minecraft:diamond_axe":1,"minecraft:iron_axe":3,"minecraft:iron_pickaxe":1}},"DataVersion":3839}