{"stats":{"minecraft:used":{"minecraft:iron_shovel":147,"minecraft:polished_deepslate":1,"minecraft:chiseled_deepslate":1,"minecraft:light_gray_stained_glass_pane":16,"minecraft:spruce_slab":88,"minecraft:diamond_hoe":325,"minecraft:chest":2,"minecraft:shield":101,"minecraft:iron_sword":33,"minecraft:iron_chestplate":1,"minecraft:mutton":6,"minecraft:carrot":421,"minecraft:tuff":1,"minecraft:stripped_spruce_log":4,"minecraft:obsidian":11,"minecraft:lava_bucket":10,"minecraft:lantern":6,"minecraft:iron_helmet":1,"minecraft:furnace":6,"minecraft:oak_sapling":1,"minecraft:egg":1,"minecraft:diorite":1,"minecraft:diamond_boots":1,"minecraft:stone_pickaxe":111,"minecraft:oak_planks":23,"minecraft:wooden_pickaxe":25,"minecraft:diamond_axe":1496,"minecraft:white_wool":2,"minecraft:crossbow":1,"minecraft:bread":11,"minecraft:lectern":629,"minecraft:gravel":26,"minecraft:diamond_sword":428,"minecraft:andesite":6,"minecraft:bone_meal":698,"minecraft:experience_bottle":174,"minecraft:enchanting_table":1,"minecraft:stone_sword":122,"minecraft:flint_and_steel":1,"minecraft:stone_shovel":132,"minecraft:spruce_planks":195,"minecraft:sculk":3,"minecraft:netherrack":56,"minecraft:oak_door":1,"minecraft:torch":105,"minecraft:dirt":564,"minecraft:anvil":2,"minecraft:spruce_stairs":111,"minecraft:diamond_helmet":1,"minecraft:granite":6,"minecraft:spruce_fence":19,"minecraft:light_gray_stained_glass":330,"minecraft:bookshelf":26,"minecraft:oak_stairs":8,"minecraft:spruce_button":6,"minecraft:iron_boots":3,"minecraft:barrel":2,"minecraft:golden_carrot":66,"minecraft:cobbled_deepslate":39,"minecraft:iron_leggings":2,"minecraft:pointed_dripstone":4,"minecraft:cooked_mutton":7,"minecraft:water_bucket":69,"minecraft:cobblestone_stairs":3,"minecraft:cauldron":4,"minecraft:fletching_table":10,"minecraft:mossy_cobblestone":1,"minecraft:rail":9,"minecraft:crafting_table":13,"minecraft:red_bed":1,"minecraft:white_bed":7,"minecraft:spruce_log":163,"minecraft:oak_log":7,"minecraft:diamond_pickaxe":281,"minecraft:apple":1,"minecraft:diamond_shovel":1063,"minecraft:iron_pickaxe":119,"minecraft:spruce_pressure_plate":1,"minecraft:spruce_trapdoor":35,"minecraft:spruce_sapling":768,"minecraft:stone_axe":223,"minecraft:cobblestone":188,"minecraft:cooked_porkchop":33,"minecraft:bucket":80,"minecraft:yellow_bed":6,"minecraft:gray_wool":1},"minecraft:crafted":{"minecraft:oak_planks":1608,"minecraft:barrel":2,"minecraft:diamond_shovel":4,"minecraft:bookshelf":24,"minecraft:spruce_pressure_plate":1,"minecraft:cooked_mutton":7,"minecraft:glass":620,"minecraft:diamond_leggings":1,"minecraft:diamond_helmet":1,"minecraft:bow":12,"minecraft:iron_boots":1,"minecraft:chest":2,"minecraft:arrow":64,"minecraft:emerald":2141,"minecraft:cauldron":4,"minecraft:cooked_porkchop":33,"minecraft:diamond_axe":3,"minecraft:crafting_table":2,"minecraft:spruce_planks":32044,"minecraft:wooden_pickaxe":1,"minecraft:iron_helmet":1,"minecraft:birch_planks":172,"minecraft:spruce_trapdoor":18,"minecraft:lectern":1,"minecraft:iron_chestplate":1,"minecraft:diamond_pickaxe":1,"minecraft:shield":4,"minecraft:stick":65730,"minecraft:iron_ingot":174,"minecraft:iron_pickaxe":1,"minecraft:iron_block":3,"minecraft:stone_sword":1,"minecraft:light_gray_dye":51,"minecraft:light_gray_stained_glass_pane":16,"minecraft:golden_carrot":180,"minecraft:oak_door":3,"minecraft:stone_shovel":1,"minecraft:light_gray_stained_glass":408,"minecraft:experience_bottle":184,"minecraft:spruce_button":130,"minecraft:furnace":4,"minecraft:bone_meal":579,"minecraft:flint_and_steel":1,"minecraft:lantern":6,"minecraft:spruce_stairs":92,"minecraft:spruce_slab":102,"minecraft:stone_pickaxe":1,"minecraft:diamond_boots":1,"minecraft:minecart":9,"minecraft:red_dye":1,"minecraft:crossbow":7,"minecraft:diamond_sword":1,"minecraft:enchanting_table":1,"minecraft:iron_sword":1,"minecraft:red_bed":1,"minecraft:bucket":1,"minecraft:stone_axe":15,"minecraft:enchanted_book":35,"minecraft:air":0,"minecraft:oak_stairs":8,"minecraft:iron_shovel":1,"minecraft:iron_leggings":1,"minecraft:anvil":1,"minecraft:white_bed":2,"minecraft:torch":12,"minecraft:diamond_chestplate":1},"minecraft:killed_by":{"minecraft:pillager":2,"minecraft:piglin":1,"minecraft:player":1,"minecraft:skeleton":1},"minecraft:picked_up":{"minecraft:chiseled_deepslate":1,"minecraft:iron_chestplate":2,"minecraft:anvil":1,"minecraft:smithing_table":1,"minecraft:diamond_sword":3,"minecraft:oak_stairs":10,"minecraft:brewing_stand":1,"minecraft:polished_deepslate":1,"minecraft:string":5,"minecraft:raw_copper":4,"minecraft:iron_leggings":1,"minecraft:diamond_leggings":3,"minecraft:cobbled_deepslate":39,"minecraft:bucket":1,"minecraft:spruce_planks":162,"minecraft:iron_pickaxe":2,"minecraft:iron_boots":2,"minecraft:furnace":4,"minecraft:stick":600,"minecraft:torch":212,"minecraft:spruce_stairs":19,"minecraft:porkchop":39,"minecraft:pointed_dripstone":17,"minecraft:diorite":2,"minecraft:stone_sword":2,"minecraft:rotten_flesh":35,"minecraft:obsidian":23,"minecraft:cobblestone":308,"minecraft:birch_log":25,"minecraft:water_bucket":3,"minecraft:andesite":6,"minecraft:potato":15,"minecraft:flint":25,"minecraft:tuff":1,"minecraft:lapis_lazuli":375,"minecraft:dirt":778,"minecraft:bone":19,"minecraft:wheat_seeds":23,"minecraft:raw_gold":12,"minecraft:fletching_table":10,"minecraft:diamond_helmet":3,"minecraft:powered_rail":576,"minecraft:oak_planks":126,"minecraft:cooked_porkchop":17,"minecraft:stripped_spruce_log":8,"minecraft:mossy_cobblestone":7,"minecraft:diamond":42,"minecraft:crossbow":3,"minecraft:granite":6,"minecraft:bone_meal":119,"minecraft:spruce_button":198,"minecraft:emerald":209,"minecraft:bread":11,"minecraft:oak_sapling":41,"minecraft:netherrack":1297,"minecraft:dark_oak_fence":4,"minecraft:diamond_pickaxe":3,"minecraft:crafting_table":13,"minecraft:azure_bluet":19,"minecraft:wooden_pickaxe":2,"minecraft:shield":5,"minecraft:flint_and_steel":3,"minecraft:iron_shovel":1,"minecraft:beef":1,"minecraft:poppy":14,"minecraft:minecart":14,"minecraft:spruce_slab":9,"minecraft:lectern":627,"minecraft:birch_sapling":11,"minecraft:spruce_trapdoor":40,"minecraft:egg":1,"minecraft:raw_iron":186,"minecraft:spruce_fence":28,"minecraft:redstone":2,"minecraft:carrot":2433,"minecraft:stone_shovel":1,"minecraft:arrow":36,"minecraft:diamond_chestplate":3,"minecraft:diamond_boots":3,"minecraft:saddle":1,"minecraft:totem_of_undying":1,"minecraft:mutton":19,"minecraft:bone_block":64,"minecraft:rail":10,"minecraft:white_wool":13,"minecraft:oxeye_daisy":55,"minecraft:stripped_oak_log":1,"minecraft:golden_carrot":108,"minecraft:leather":2,"minecraft:oak_log":290,"minecraft:nether_wart_block":1,"minecraft:yellow_bed":10,"minecraft:gunpowder":4,"minecraft:cobblestone_stairs":4,"minecraft:white_banner":2,"minecraft:cooked_mutton":4,"minecraft:apple":4,"minecraft:iron_ingot":144,"minecraft:stone_pickaxe":1,"minecraft:glass_bottle":3,"minecraft:iron_sword":2,"minecraft:book":39,"minecraft:light_gray_stained_glass":61,"minecraft:gravel":254,"minecraft:spruce_sapling":890,"minecraft:blast_furnace":2,"minecraft:white_bed":7,"minecraft:spruce_log":8506,"minecraft:spider_eye":1,"minecraft:diamond_shovel":3,"minecraft:slime_ball":20,"minecraft:stone_axe":2,"minecraft:iron_helmet":2,"minecraft:diamond_axe":4,"minecraft:gray_wool":1,"minecraft:coal":65},"minecraft:broken":{"minecraft:stone_axe":1,"minecraft:stone_shovel":1,"minecraft:diamond_axe":2},"minecraft:custom":{"minecraft:interact_with_crafting_table":55,"minecraft:bell_ring":1,"minecraft:leave_game":27,"minecraft:time_since_death":299066,"minecraft:sprint_one_cm":2303010,"minecraft:damage_blocked_by_shield":5307,"minecraft:drop":234,"minecraft:talked_to_villager":1208,"minecraft:play_time":836749,"minecraft:deaths":6,"minecraft:jump":14312,"minecraft:walk_on_water_one_cm":57873,"minecraft:enchant_item":5,"minecraft:interact_with_furnace":85,"minecraft:traded_with_villager":2647,"minecraft:sleep_in_bed":39,"minecraft:damage_dealt":38185,"minecraft:player_kills":1,"minecraft:crouch_one_cm":89097,"minecraft:use_cauldron":6,"minecraft:inspect_dispenser":5,"minecraft:horse_one_cm":7913,"minecraft:mob_kills":208,"minecraft:interact_with_anvil":22,"minecraft:climb_one_cm":2416,"minecraft:walk_one_cm":1538359,"minecraft:raid_win":1,"minecraft:sneak_time":29089,"minecraft:walk_under_water_one_cm":49253,"minecraft:boat_one_cm":4305,"minecraft:total_world_time":836749,"minecraft:interact_with_grindstone":2,"minecraft:time_since_rest":22098,"minecraft:damage_taken":7411,"minecraft:swim_one_cm":60417,"minecraft:fly_one_cm":3155369,"minecraft:open_chest":430,"minecraft:fall_one_cm":313641},"minecraft:dropped":{"minecraft:iron_sword":1,"minecraft:diamond_axe":1,"minecraft:porkchop":6,"minecraft:oak_log":9,"minecraft:glass_bottle":3,"minecraft:crossbow":2,"minecraft:leather":1,"minecraft:rail":1,"minecraft:flint":3,"minecraft:cobblestone_stairs":1,"minecraft:dirt":4,"minecraft:iron_pickaxe":1,"minecraft:bone":9,"minecraft:gravel":6,"minecraft:birch_sapling":6,"minecraft:obsidian":3,"minecraft:pointed_dripstone":10,"minecraft:rotten_flesh":31,"minecraft:azure_bluet":11,"minecraft:carrot":2012,"minecraft:poppy":4,"minecraft:gunpowder":4,"minecraft:arrow":9,"minecraft:glass":212,"minecraft:iron_ingot":40,"minecraft:bread":11,"minecraft:wheat_seeds":18,"minecraft:mossy_cobblestone":6,"minecraft:iron_helmet":1,"minecraft:cobblestone":4,"minecraft:apple":1,"minecraft:spruce_button":258,"minecraft:stick":32,"minecraft:oxeye_daisy":12,"minecraft:light_gray_stained_glass":133,"minecraft:oak_stairs":2,"minecraft:string":5,"minecraft:bucket":1,"minecraft:redstone":2,"minecraft:spruce_sapling":57,"minecraft:raw_copper":3,"minecraft:iron_boots":1,"minecraft:stripped_oak_log":1,"minecraft:blast_furnace":1,"minecraft:shield":2,"minecraft:spruce_trapdoor":54,"minecraft:spruce_planks":6,"minecraft:iron_chestplate":1,"minecraft:oak_sapling":14,"minecraft:spider_eye":1,"minecraft:stone_pickaxe":1},"minecraft:mined":{"minecraft:spruce_planks":41,"minecraft:white_bed":6,"minecraft:farmland":16,"minecraft:cobblestone_stairs":5,"minecraft:brewing_stand":1,"minecraft:obsidian":6,"minecraft:spruce_trapdoor":13,"minecraft:granite":6,"minecraft:grass_block":615,"minecraft:oxeye_daisy":46,"minecraft:spawner":2,"minecraft:iron_ore":75,"minecraft:barrel":1,"minecraft:anvil":1,"minecraft:fletching_table":10,"minecraft:azure_bluet":9,"minecraft:pointed_dripstone":9,"minecraft:dirt_path":138,"minecraft:oak_stairs":106,"minecraft:spruce_slab":10,"minecraft:crimson_nylium":1,"minecraft:torch":25,"minecraft:poppy":1,"minecraft:cobblestone":93,"minecraft:slime_block":1,"minecraft:oak_planks":107,"minecraft:wall_torch":3,"minecraft:seagrass":1,"minecraft:birch_log":25,"minecraft:light_gray_stained_glass":34,"minecraft:oak_log":232,"minecraft:dirt":241,"minecraft:netherrack":41,"minecraft:oak_leaves":33,"minecraft:deepslate":38,"minecraft:tuff":1,"minecraft:light_gray_stained_glass_pane":2,"minecraft:mossy_cobblestone":7,"minecraft:deepslate_diamond_ore":34,"minecraft:oak_door":2,"minecraft:dark_oak_fence":6,"minecraft:spruce_fence":1,"minecraft:crimson_roots":1,"minecraft:spruce_leaves":136,"minecraft:furnace":4,"minecraft:spruce_sapling":54,"minecraft:carrots":319,"minecraft:andesite":6,"minecraft:stripped_spruce_log":8,"minecraft:chiseled_deepslate":1,"minecraft:polished_deepslate":1,"minecraft:bookshelf":11,"minecraft:potatoes":4,"minecraft:deepslate_iron_ore":24,"minecraft:rail":1,"minecraft:stripped_oak_log":1,"minecraft:stone":121,"minecraft:podzol":55,"minecraft:smithing_table":1,"minecraft:glass_pane":4,"minecraft:crafting_table":12,"minecraft:short_grass":74,"minecraft:lectern":627,"minecraft:copper_ore":1,"minecraft:tall_grass":2,"minecraft:lapis_ore":6,"minecraft:diorite":2,"minecraft:spruce_stairs":19,"minecraft:gray_wool":1,"minecraft:redstone_torch":1,"minecraft:spruce_log":446,"minecraft:yellow_bed":7,"minecraft:coal_ore":25,"minecraft:gravel":278,"minecraft:cobweb":2},"minecraft:killed":{"minecraft:cave_spider":1,"minecraft:witch":3,"minecraft:spider":6,"minecraft:skeleton":25,"minecraft:pig":16,"minecraft:zombie_villager":4,"minecraft:iron_golem":2,"minecraft:creeper":7,"minecraft:sheep":11,"minecraft:pillager":32,"minecraft:zombie":43,"minecraft:cow":1,"minecraft:evoker":3,"minecraft:vex":12,"minecraft:vindicator":9,"minecraft:slime":27,"minecraft:wandering_trader":1,"minecraft:ravager":3}},"DataVersion":3839}