{"stats":{"minecraft:broken":{"minecraft:stone_axe":1,"minecraft:stone_shovel":1,"minecraft:diamond_axe":2},"minecraft:picked_up":{"minecraft:chiseled_deepslate":1,"minecraft:iron_chestplate":2,"minecraft:anvil":1,"minecraft:smithing_table":1,"minecraft:diamond_sword":3,"minecraft:oak_stairs":3,"minecraft:brewing_stand":1,"minecraft:polished_deepslate":1,"minecraft:string":5,"minecraft:raw_copper":4,"minecraft:iron_leggings":1,"minecraft:diamond_leggings":3,"minecraft:cobbled_deepslate":39,"minecraft:bucket":1,"minecraft:spruce_planks":90,"minecraft:iron_pickaxe":2,"minecraft:iron_boots":2,"minecraft:furnace":4,"minecraft:stick":263,"minecraft:torch":208,"minecraft:porkchop":39,"minecraft:pointed_dripstone":17,"minecraft:diorite":2,"minecraft:stone_sword":2,"minecraft:rotten_flesh":17,"minecraft:obsidian":23,"minecraft:cobblestone":302,"minecraft:birch_log":25,"minecraft:water_bucket":3,"minecraft:andesite":6,"minecraft:potato":14,"minecraft:flint":25,"minecraft:tuff":1,"minecraft:lapis_lazuli":375,"minecraft:dirt":673,"minecraft:bone":17,"minecraft:wheat_seeds":14,"minecraft:raw_gold":12,"minecraft:diamond_helmet":3,"minecraft:fletching_table":7,"minecraft:oak_planks":120,"minecraft:cooked_porkchop":17,"minecraft:mossy_cobblestone":7,"minecraft:diamond":42,"minecraft:crossbow":2,"minecraft:granite":6,"minecraft:bone_meal":119,"minecraft:bread":11,"minecraft:emerald":66,"minecraft:oak_sapling":41,"minecraft:netherrack":1297,"minecraft:dark_oak_fence":4,"minecraft:diamond_pickaxe":3,"minecraft:crafting_table":8,"minecraft:azure_bluet":19,"minecraft:wooden_pickaxe":2,"minecraft:shield":4,"minecraft:flint_and_steel":3,"minecraft:iron_shovel":1,"minecraft:beef":1,"minecraft:poppy":10,"minecraft:spruce_slab":1,"minecraft:lectern":108,"minecraft:birch_sapling":11,"minecraft:spruce_trapdoor":31,"minecraft:egg":1,"minecraft:raw_iron":186,"minecraft:carrot":2433,"minecraft:stone_shovel":1,"minecraft:arrow":36,"minecraft:diamond_chestplate":3,"minecraft:diamond_boots":3,"minecraft:mutton":19,"minecraft:bone_block":64,"minecraft:white_wool":13,"minecraft:rail":1,"minecraft:oxeye_daisy":55,"minecraft:stripped_oak_log":1,"minecraft:golden_carrot":108,"minecraft:leather":2,"minecraft:oak_log":246,"minecraft:nether_wart_block":1,"minecraft:yellow_bed":10,"minecraft:gunpowder":3,"minecraft:cobblestone_stairs":4,"minecraft:cooked_mutton":4,"minecraft:apple":4,"minecraft:iron_ingot":116,"minecraft:stone_pickaxe":1,"minecraft:iron_sword":2,"minecraft:book":37,"minecraft:gravel":254,"minecraft:spruce_sapling":386,"minecraft:blast_furnace":2,"minecraft:white_bed":7,"minecraft:spruce_log":4867,"minecraft:diamond_shovel":3,"minecraft:slime_ball":20,"minecraft:stone_axe":2,"minecraft:iron_helmet":2,"minecraft:diamond_axe":3,"minecraft:gray_wool":1,"minecraft:coal":65},"minecraft:crafted":{"minecraft:oak_planks":1400,"minecraft:diamond_shovel":4,"minecraft:bookshelf":24,"minecraft:cooked_mutton":7,"minecraft:glass":620,"minecraft:diamond_helmet":1,"minecraft:diamond_leggings":1,"minecraft:bow":12,"minecraft:iron_boots":1,"minecraft:chest":2,"minecraft:arrow":64,"minecraft:emerald":1141,"minecraft:cauldron":4,"minecraft:cooked_porkchop":33,"minecraft:diamond_axe":3,"minecraft:crafting_table":1,"minecraft:spruce_planks":16828,"minecraft:wooden_pickaxe":1,"minecraft:iron_helmet":1,"minecraft:birch_planks":172,"minecraft:lectern":1,"minecraft:iron_chestplate":1,"minecraft:diamond_pickaxe":1,"minecraft:shield":3,"minecraft:stick":35609,"minecraft:iron_ingot":172,"minecraft:iron_pickaxe":1,"minecraft:iron_block":3,"minecraft:stone_sword":1,"minecraft:light_gray_dye":51,"minecraft:golden_carrot":180,"minecraft:stone_shovel":1,"minecraft:light_gray_stained_glass":408,"minecraft:experience_bottle":62,"minecraft:spruce_button":64,"minecraft:furnace":4,"minecraft:bone_meal":579,"minecraft:flint_and_steel":1,"minecraft:spruce_slab":6,"minecraft:stone_pickaxe":1,"minecraft:diamond_boots":1,"minecraft:red_dye":1,"minecraft:crossbow":7,"minecraft:diamond_sword":1,"minecraft:enchanting_table":1,"minecraft:iron_sword":1,"minecraft:red_bed":1,"minecraft:bucket":1,"minecraft:stone_axe":15,"minecraft:enchanted_book":7,"minecraft:air":0,"minecraft:iron_shovel":1,"minecraft:iron_leggings":1,"minecraft:anvil":1,"minecraft:white_bed":2,"minecraft:torch":12,"minecraft:diamond_chestplate":1},"minecraft:killed_by":{"minecraft:pillager":2,"minecraft:piglin":1,"minecraft:player":1,"minecraft:skeleton":1},"minecraft:mined":{"minecraft:spruce_planks":4,"minecraft:white_bed":6,"minecraft:farmland":16,"minecraft:cobblestone_stairs":5,"minecraft:brewing_stand":1,"minecraft:obsidian":6,"minecraft:spruce_trapdoor":3,"minecraft:granite":6,"minecraft:grass_block":514,"minecraft:oxeye_daisy":46,"minecraft:spawner":2,"minecraft:iron_ore":75,"minecraft:fletching_table":7,"minecraft:anvil":1,"minecraft:azure_bluet":9,"minecraft:pointed_dripstone":9,"minecraft:dirt_path":138,"minecraft:oak_stairs":99,"minecraft:spruce_slab":1,"minecraft:crimson_nylium":1,"minecraft:torch":23,"minecraft:poppy":1,"minecraft:cobblestone":87,"minecraft:slime_block":1,"minecraft:oak_planks":100,"minecraft:wall_torch":2,"minecraft:seagrass":1,"minecraft:birch_log":25,"minecraft:light_gray_stained_glass":34,"minecraft:oak_log":231,"minecraft:dirt":230,"minecraft:netherrack":41,"minecraft:oak_leaves":33,"minecraft:deepslate":38,"minecraft:tuff":1,"minecraft:mossy_cobblestone":7,"minecraft:deepslate_diamond_ore":34,"minecraft:oak_door":2,"minecraft:dark_oak_fence":6,"minecraft:crimson_roots":1,"minecraft:spruce_leaves":109,"minecraft:spruce_sapling":14,"minecraft:furnace":4,"minecraft:carrots":319,"minecraft:andesite":6,"minecraft:chiseled_deepslate":1,"minecraft:polished_deepslate":1,"minecraft:bookshelf":11,"minecraft:potatoes":4,"minecraft:deepslate_iron_ore":24,"minecraft:rail":1,"minecraft:stripped_oak_log":1,"minecraft:stone":121,"minecraft:smithing_table":1,"minecraft:podzol":55,"minecraft:glass_pane":4,"minecraft:crafting_table":7,"minecraft:short_grass":63,"minecraft:lectern":108,"minecraft:tall_grass":2,"minecraft:copper_ore":1,"minecraft:lapis_ore":6,"minecraft:diorite":2,"minecraft:gray_wool":1,"minecraft:spruce_log":430,"minecraft:yellow_bed":7,"minecraft:coal_ore":25,"minecraft:gravel":278,"minecraft:cobweb":2},"minecraft:custom":{"minecraft:interact_with_crafting_table":33,"minecraft:bell_ring":1,"minecraft:leave_game":22,"minecraft:time_since_death":20169,"minecraft:sprint_one_cm":1797260,"minecraft:damage_blocked_by_shield":5187,"minecraft:drop":168,"minecraft:talked_to_villager":337,"minecraft:play_time":557852,"minecraft:deaths":6,"minecraft:jump":10801,"minecraft:walk_on_water_one_cm":48543,"minecraft:enchant_item":1,"minecraft:interact_with_furnace":80,"minecraft:traded_with_villager":1491,"minecraft:sleep_in_bed":34,"minecraft:damage_dealt":17594,"minecraft:player_kills":1,"minecraft:crouch_one_cm":64118,"minecraft:use_cauldron":6,"minecraft:horse_one_cm":7913,"minecraft:mob_kills":122,"minecraft:interact_with_anvil":4,"minecraft:climb_one_cm":2416,"minecraft:walk_one_cm":1025027,"minecraft:sneak_time":21991,"minecraft:walk_under_water_one_cm":42726,"minecraft:boat_one_cm":4305,"minecraft:total_world_time":557852,"minecraft:time_since_rest":10166,"minecraft:damage_taken":5291,"minecraft:swim_one_cm":42707,"minecraft:fly_one_cm":2420446,"minecraft:open_chest":329,"minecraft:fall_one_cm":253252},"minecraft:used":{"minecraft:iron_shovel":147,"minecraft:polished_deepslate":1,"minecraft:chiseled_deepslate":1,"minecraft:spruce_slab":1,"minecraft:diamond_hoe":325,"minecraft:chest":2,"minecraft:shield":99,"minecraft:iron_sword":33,"minecraft:iron_chestplate":1,"minecraft:mutton":6,"minecraft:carrot":421,"minecraft:tuff":1,"minecraft:obsidian":11,"minecraft:lava_bucket":10,"minecraft:iron_helmet":1,"minecraft:furnace":6,"minecraft:oak_sapling":1,"minecraft:egg":1,"minecraft:diorite":1,"minecraft:stone_pickaxe":111,"minecraft:oak_planks":16,"minecraft:wooden_pickaxe":25,"minecraft:diamond_axe":806,"minecraft:white_wool":2,"minecraft:crossbow":1,"minecraft:bread":11,"minecraft:lectern":110,"minecraft:gravel":26,"minecraft:diamond_sword":151,"minecraft:andesite":6,"minecraft:bone_meal":698,"minecraft:experience_bottle":62,"minecraft:enchanting_table":1,"minecraft:stone_sword":122,"minecraft:flint_and_steel":1,"minecraft:stone_shovel":132,"minecraft:spruce_planks":3,"minecraft:sculk":3,"minecraft:netherrack":56,"minecraft:torch":83,"minecraft:dirt":506,"minecraft:anvil":2,"minecraft:granite":6,"minecraft:light_gray_stained_glass":330,"minecraft:bookshelf":26,"minecraft:oak_stairs":1,"minecraft:iron_boots":3,"minecraft:golden_carrot":30,"minecraft:cobbled_deepslate":39,"minecraft:iron_leggings":2,"minecraft:pointed_dripstone":4,"minecraft:cooked_mutton":7,"minecraft:water_bucket":48,"minecraft:cobblestone_stairs":3,"minecraft:cauldron":4,"minecraft:fletching_table":7,"minecraft:mossy_cobblestone":1,"minecraft:crafting_table":8,"minecraft:red_bed":1,"minecraft:white_bed":7,"minecraft:spruce_log":4,"minecraft:oak_log":7,"minecraft:diamond_pickaxe":275,"minecraft:apple":1,"minecraft:diamond_shovel":951,"minecraft:iron_pickaxe":119,"minecraft:spruce_trapdoor":8,"minecraft:spruce_sapling":375,"minecraft:stone_axe":223,"minecraft:cobblestone":188,"minecraft:cooked_porkchop":33,"minecraft:bucket":59,"minecraft:yellow_bed":6,"minecraft:gray_wool":1},"minecraft:killed":{"minecraft:cave_spider":1,"minecraft:spider":4,"minecraft:skeleton":22,"minecraft:pig":16,"minecraft:zombie_villager":2,"minecraft:creeper":5,"minecraft:sheep":11,"minecraft:pillager":10,"minecraft:zombie":22,"minecraft:cow":1,"minecraft:slime":27,"minecraft:wandering_trader":1},"minecraft:dropped":{"minecraft:iron_sword":1,"minecraft:porkchop":6,"minecraft:crossbow":1,"minecraft:leather":1,"minecraft:rail":1,"minecraft:cobblestone_stairs":1,"minecraft:flint":3,"minecraft:dirt":2,"minecraft:iron_pickaxe":1,"minecraft:bone":7,"minecraft:gravel":6,"minecraft:birch_sapling":6,"minecraft:obsidian":3,"minecraft:pointed_dripstone":10,"minecraft:rotten_flesh":16,"minecraft:azure_bluet":11,"minecraft:carrot":2012,"minecraft:gunpowder":3,"minecraft:arrow":9,"minecraft:glass":212,"minecraft:iron_ingot":2,"minecraft:bread":11,"minecraft:wheat_seeds":9,"minecraft:mossy_cobblestone":6,"minecraft:iron_helmet":1,"minecraft:cobblestone":4,"minecraft:apple":1,"minecraft:stick":32,"minecraft:oxeye_daisy":12,"minecraft:light_gray_stained_glass":78,"minecraft:oak_stairs":2,"minecraft:string":5,"minecraft:bucket":1,"minecraft:raw_copper":3,"minecraft:iron_boots":1,"minecraft:stripped_oak_log":1,"minecraft:blast_furnace":1,"minecraft:shield":1,"minecraft:spruce_trapdoor":54,"minecraft:spruce_planks":6,"minecraft:iron_chestplate":1,"minecraft:oak_sapling":14,"minecraft:stone_pickaxe":1}},"DataVersion":3839}