{"stats":{"minecraft:mined":{"minecraft:white_bed":3,"minecraft:deepslate_diamond_ore":10,"minecraft:crafting_table":6,"minecraft:oak_planks":2,"minecraft:diorite":2,"minecraft:gray_wool":1,"minecraft:furnace":4,"minecraft:iron_ore":49,"minecraft:chiseled_deepslate":1,"minecraft:polished_deepslate":1,"minecraft:deepslate_iron_ore":24,"minecraft:coal_ore":19,"minecraft:oak_log":11,"minecraft:gravel":2,"minecraft:stone":34,"minecraft:oak_leaves":1,"minecraft:deepslate":21},"minecraft:killed":{"minecraft:pig":9,"minecraft:spider":2,"minecraft:sheep":5,"minecraft:skeleton":4,"minecraft:zombie":7},"minecraft:custom":{"minecraft:interact_with_furnace":44,"minecraft:mob_kills":27,"minecraft:interact_with_crafting_table":11,"minecraft:leave_game":1,"minecraft:time_since_death":18928,"minecraft:sleep_in_bed":3,"minecraft:time_since_rest":10981,"minecraft:sprint_one_cm":128901,"minecraft:damage_taken":918,"minecraft:walk_one_cm":64240,"minecraft:damage_blocked_by_shield":2115,"minecraft:drop":4,"minecraft:damage_dealt":3773,"minecraft:swim_one_cm":9123,"minecraft:fly_one_cm":140190,"minecraft:open_chest":4,"minecraft:crouch_one_cm":14069,"minecraft:play_time":47655,"minecraft:deaths":1,"minecraft:sneak_time":5834,"minecraft:walk_under_water_one_cm":3353,"minecraft:jump":876,"minecraft:walk_on_water_one_cm":13640,"minecraft:total_world_time":47655,"minecraft:fall_one_cm":29076},"minecraft:dropped":{"minecraft:rotten_flesh":3,"minecraft:string":2},"minecraft:used":{"minecraft:cooked_mutton":5,"minecraft:diorite":1,"minecraft:stone_sword":74,"minecraft:polished_deepslate":1,"minecraft:chiseled_deepslate":1,"minecraft:stone_shovel":2,"minecraft:stone_pickaxe":111,"minecraft:oak_planks":15,"minecraft:wooden_pickaxe":25,"minecraft:shield":46,"minecraft:iron_chestplate":1,"minecraft:torch":1,"minecraft:crafting_table":6,"minecraft:white_bed":3,"minecraft:iron_pickaxe":30,"minecraft:iron_helmet":1,"minecraft:iron_boots":2,"minecraft:gravel":2,"minecraft:stone_axe":8,"minecraft:cobblestone":11,"minecraft:furnace":4,"minecraft:cooked_porkchop":5,"minecraft:cobbled_deepslate":15,"minecraft:gray_wool":1,"minecraft:iron_leggings":1},"minecraft:picked_up":{"minecraft:chiseled_deepslate":1,"minecraft:iron_chestplate":1,"minecraft:crafting_table":7,"minecraft:wooden_pickaxe":1,"minecraft:oak_log":11,"minecraft:shield":1,"minecraft:polished_deepslate":1,"minecraft:string":2,"minecraft:iron_leggings":1,"minecraft:cooked_mutton":2,"minecraft:bone":8,"minecraft:cobbled_deepslate":20,"minecraft:iron_ingot":3,"minecraft:stone_pickaxe":1,"minecraft:iron_pickaxe":1,"minecraft:oak_planks":22,"minecraft:iron_sword":1,"minecraft:iron_boots":1,"minecraft:furnace":4,"minecraft:stick":1,"minecraft:raw_iron":85,"minecraft:cooked_porkchop":17,"minecraft:torch":41,"minecraft:gravel":2,"minecraft:porkchop":17,"minecraft:diorite":2,"minecraft:white_bed":4,"minecraft:stone_shovel":1,"minecraft:stone_sword":1,"minecraft:arrow":6,"minecraft:rotten_flesh":3,"minecraft:diamond":10,"minecraft:stone_axe":1,"minecraft:iron_helmet":1,"minecraft:gray_wool":1,"minecraft:mutton":7,"minecraft:coal":59,"minecraft:white_wool":7,"minecraft:cobblestone":40},"minecraft:killed_by":{"minecraft:skeleton":1},"minecraft:crafted":{"minecraft:oak_planks":44,"minecraft:stone_shovel":1,"minecraft:cooked_porkchop":17,"minecraft:crafting_table":1,"minecraft:wooden_pickaxe":1,"minecraft:iron_helmet":1,"minecraft:iron_sword":1,"minecraft:furnace":2,"minecraft:stone_axe":1,"minecraft:cooked_mutton":7,"minecraft:air":0,"minecraft:iron_boots":1,"minecraft:iron_chestplate":1,"minecraft:shield":2,"minecraft:stick":16,"minecraft:iron_ingot":33,"minecraft:iron_pickaxe":1,"minecraft:stone_pickaxe":1,"minecraft:stone_sword":1,"minecraft:iron_leggings":1,"minecraft:white_bed":1,"minecraft:torch":12}},"DataVersion":3839}