{"stats":{"minecraft:killed_by":{"minecraft:pillager":2,"minecraft:skeleton":1},"minecraft:mined":{"minecraft:spruce_planks":3,"minecraft:white_bed":6,"minecraft:mossy_cobblestone":1,"minecraft:deepslate_diamond_ore":34,"minecraft:cobblestone_stairs":3,"minecraft:brewing_stand":1,"minecraft:dark_oak_fence":6,"minecraft:grass_block":2,"minecraft:spruce_leaves":88,"minecraft:spawner":2,"minecraft:spruce_sapling":6,"minecraft:furnace":4,"minecraft:iron_ore":49,"minecraft:chiseled_deepslate":1,"minecraft:fletching_table":7,"minecraft:polished_deepslate":1,"minecraft:dirt_path":1,"minecraft:bookshelf":6,"minecraft:pointed_dripstone":9,"minecraft:deepslate_iron_ore":24,"minecraft:oak_stairs":3,"minecraft:stone":95,"minecraft:smithing_table":1,"minecraft:glass_pane":1,"minecraft:crafting_table":7,"minecraft:torch":15,"minecraft:short_grass":44,"minecraft:poppy":1,"minecraft:lectern":108,"minecraft:cobblestone":34,"minecraft:copper_ore":1,"minecraft:tall_grass":1,"minecraft:oak_planks":37,"minecraft:diorite":2,"minecraft:wall_torch":2,"minecraft:seagrass":1,"minecraft:gray_wool":1,"minecraft:birch_log":25,"minecraft:spruce_log":425,"minecraft:coal_ore":25,"minecraft:oak_log":192,"minecraft:gravel":273,"minecraft:dirt":4,"minecraft:cobweb":1,"minecraft:oak_leaves":33,"minecraft:deepslate":24},"minecraft:dropped":{"minecraft:bread":11,"minecraft:iron_ingot":2,"minecraft:iron_sword":1,"minecraft:wheat_seeds":1,"minecraft:crossbow":1,"minecraft:iron_helmet":1,"minecraft:cobblestone":4,"minecraft:apple":1,"minecraft:stick":1,"minecraft:flint":3,"minecraft:cobblestone_stairs":1,"minecraft:iron_pickaxe":1,"minecraft:string":3,"minecraft:bone":1,"minecraft:raw_copper":3,"minecraft:birch_sapling":2,"minecraft:pointed_dripstone":10,"minecraft:rotten_flesh":5,"minecraft:iron_boots":1,"minecraft:blast_furnace":1,"minecraft:shield":1,"minecraft:gunpowder":1,"minecraft:spruce_planks":6,"minecraft:iron_chestplate":1,"minecraft:oak_sapling":2,"minecraft:stone_pickaxe":1},"minecraft:killed":{"minecraft:cave_spider":1,"minecraft:spider":2,"minecraft:skeleton":10,"minecraft:pig":16,"minecraft:creeper":2,"minecraft:sheep":11,"minecraft:pillager":10,"minecraft:zombie":13},"minecraft:custom":{"minecraft:mob_kills":65,"minecraft:interact_with_crafting_table":30,"minecraft:leave_game":13,"minecraft:time_since_death":137902,"minecraft:sprint_one_cm":897560,"minecraft:walk_one_cm":431847,"minecraft:damage_blocked_by_shield":3811,"minecraft:drop":41,"minecraft:talked_to_villager":203,"minecraft:play_time":265011,"minecraft:deaths":3,"minecraft:sneak_time":7763,"minecraft:walk_under_water_one_cm":8025,"minecraft:jump":6484,"minecraft:walk_on_water_one_cm":24218,"minecraft:total_world_time":265011,"minecraft:interact_with_furnace":65,"minecraft:traded_with_villager":404,"minecraft:sleep_in_bed":18,"minecraft:time_since_rest":11394,"minecraft:damage_taken":2590,"minecraft:damage_dealt":10646,"minecraft:swim_one_cm":32567,"minecraft:player_kills":1,"minecraft:fly_one_cm":1453167,"minecraft:open_chest":165,"minecraft:crouch_one_cm":19693,"minecraft:fall_one_cm":163770,"minecraft:use_cauldron":1,"minecraft:horse_one_cm":7913},"minecraft:used":{"minecraft:stone_sword":122,"minecraft:chiseled_deepslate":1,"minecraft:iron_shovel":147,"minecraft:polished_deepslate":1,"minecraft:stone_shovel":132,"minecraft:chest":2,"minecraft:spruce_planks":3,"minecraft:shield":79,"minecraft:iron_sword":33,"minecraft:sculk":3,"minecraft:iron_chestplate":1,"minecraft:torch":54,"minecraft:dirt":6,"minecraft:mutton":6,"minecraft:lava_bucket":2,"minecraft:bookshelf":6,"minecraft:oak_stairs":1,"minecraft:iron_helmet":1,"minecraft:iron_boots":3,"minecraft:oak_sapling":1,"minecraft:furnace":6,"minecraft:egg":1,"minecraft:cobbled_deepslate":23,"minecraft:iron_leggings":2,"minecraft:pointed_dripstone":4,"minecraft:cooked_mutton":7,"minecraft:water_bucket":1,"minecraft:diorite":1,"minecraft:cobblestone_stairs":3,"minecraft:stone_pickaxe":111,"minecraft:oak_planks":16,"minecraft:wooden_pickaxe":25,"minecraft:cauldron":4,"minecraft:diamond_axe":583,"minecraft:fletching_table":7,"minecraft:white_wool":2,"minecraft:mossy_cobblestone":1,"minecraft:crafting_table":8,"minecraft:red_bed":1,"minecraft:crossbow":1,"minecraft:white_bed":7,"minecraft:spruce_log":2,"minecraft:diamond_pickaxe":61,"minecraft:bread":11,"minecraft:iron_pickaxe":119,"minecraft:lectern":110,"minecraft:spruce_sapling":211,"minecraft:gravel":24,"minecraft:stone_axe":223,"minecraft:diamond_sword":26,"minecraft:cobblestone":85,"minecraft:cooked_porkchop":29,"minecraft:bucket":3,"minecraft:gray_wool":1,"minecraft:bone_meal":3},"minecraft:picked_up":{"minecraft:chiseled_deepslate":1,"minecraft:iron_chestplate":2,"minecraft:crafting_table":8,"minecraft:smithing_table":1,"minecraft:wooden_pickaxe":2,"minecraft:oak_stairs":1,"minecraft:brewing_stand":1,"minecraft:shield":2,"minecraft:polished_deepslate":1,"minecraft:string":3,"minecraft:raw_copper":4,"minecraft:iron_leggings":1,"minecraft:iron_shovel":1,"minecraft:cobbled_deepslate":23,"minecraft:spruce_planks":89,"minecraft:poppy":9,"minecraft:iron_pickaxe":2,"minecraft:lectern":108,"minecraft:birch_sapling":7,"minecraft:furnace":4,"minecraft:iron_boots":2,"minecraft:egg":1,"minecraft:stick":162,"minecraft:raw_iron":85,"minecraft:torch":89,"minecraft:porkchop":33,"minecraft:pointed_dripstone":17,"minecraft:diorite":2,"minecraft:stone_shovel":1,"minecraft:stone_sword":2,"minecraft:arrow":7,"minecraft:rotten_flesh":5,"minecraft:mutton":19,"minecraft:white_wool":13,"minecraft:cobblestone":134,"minecraft:birch_log":25,"minecraft:flint":25,"minecraft:oak_log":192,"minecraft:gunpowder":1,"minecraft:cobblestone_stairs":4,"minecraft:dirt":7,"minecraft:cooked_mutton":4,"minecraft:bone":9,"minecraft:apple":3,"minecraft:wheat_seeds":6,"minecraft:stone_pickaxe":1,"minecraft:iron_ingot":3,"minecraft:fletching_table":7,"minecraft:oak_planks":57,"minecraft:iron_sword":2,"minecraft:book":18,"minecraft:cooked_porkchop":17,"minecraft:gravel":252,"minecraft:spruce_sapling":222,"minecraft:blast_furnace":2,"minecraft:white_bed":7,"minecraft:spruce_log":1268,"minecraft:mossy_cobblestone":1,"minecraft:diamond":34,"minecraft:stone_axe":2,"minecraft:iron_helmet":2,"minecraft:crossbow":1,"minecraft:gray_wool":1,"minecraft:bread":11,"minecraft:oak_sapling":24,"minecraft:coal":65,"minecraft:dark_oak_fence":4},"minecraft:crafted":{"minecraft:oak_planks":768,"minecraft:stone_shovel":1,"minecraft:furnace":4,"minecraft:bone_meal":3,"minecraft:bookshelf":8,"minecraft:cooked_mutton":7,"minecraft:diamond_helmet":1,"minecraft:diamond_leggings":1,"minecraft:bow":12,"minecraft:iron_boots":1,"minecraft:spruce_slab":6,"minecraft:stone_pickaxe":1,"minecraft:chest":2,"minecraft:diamond_boots":1,"minecraft:red_dye":1,"minecraft:crossbow":7,"minecraft:diamond_sword":1,"minecraft:arrow":64,"minecraft:emerald":358,"minecraft:cauldron":4,"minecraft:cooked_porkchop":33,"minecraft:diamond_axe":1,"minecraft:crafting_table":1,"minecraft:spruce_planks":5064,"minecraft:wooden_pickaxe":1,"minecraft:iron_helmet":1,"minecraft:iron_sword":1,"minecraft:red_bed":1,"minecraft:bucket":1,"minecraft:birch_planks":172,"minecraft:stone_axe":15,"minecraft:enchanted_book":2,"minecraft:air":0,"minecraft:lectern":1,"minecraft:iron_chestplate":1,"minecraft:diamond_pickaxe":1,"minecraft:shield":3,"minecraft:stick":11079,"minecraft:iron_ingot":73,"minecraft:iron_pickaxe":1,"minecraft:stone_sword":1,"minecraft:iron_shovel":1,"minecraft:iron_leggings":1,"minecraft:white_bed":2,"minecraft:torch":12,"minecraft:diamond_chestplate":1},"minecraft:broken":{"minecraft:stone_axe":1,"minecraft:stone_shovel":1}},"DataVersion":3839}