{"stats":{"minecraft:killed_by":{"minecraft:pillager":2,"minecraft:skeleton":1},"minecraft:mined":{"minecraft:spruce_planks":4,"minecraft:white_bed":6,"minecraft:farmland":16,"minecraft:mossy_cobblestone":7,"minecraft:deepslate_diamond_ore":34,"minecraft:oak_door":2,"minecraft:cobblestone_stairs":5,"minecraft:brewing_stand":1,"minecraft:obsidian":3,"minecraft:spruce_trapdoor":3,"minecraft:dark_oak_fence":6,"minecraft:grass_block":501,"minecraft:spruce_leaves":90,"minecraft:oxeye_daisy":46,"minecraft:spawner":2,"minecraft:spruce_sapling":14,"minecraft:furnace":4,"minecraft:carrots":319,"minecraft:iron_ore":49,"minecraft:chiseled_deepslate":1,"minecraft:fletching_table":7,"minecraft:azure_bluet":9,"minecraft:polished_deepslate":1,"minecraft:potatoes":4,"minecraft:bookshelf":9,"minecraft:pointed_dripstone":9,"minecraft:deepslate_iron_ore":24,"minecraft:dirt_path":138,"minecraft:oak_stairs":99,"minecraft:stripped_oak_log":1,"minecraft:stone":96,"minecraft:spruce_slab":1,"minecraft:smithing_table":1,"minecraft:podzol":55,"minecraft:glass_pane":4,"minecraft:crafting_table":7,"minecraft:torch":16,"minecraft:short_grass":50,"minecraft:poppy":1,"minecraft:lectern":108,"minecraft:cobblestone":85,"minecraft:tall_grass":2,"minecraft:copper_ore":1,"minecraft:oak_planks":100,"minecraft:diorite":2,"minecraft:wall_torch":2,"minecraft:seagrass":1,"minecraft:gray_wool":1,"minecraft:light_gray_stained_glass":34,"minecraft:birch_log":25,"minecraft:spruce_log":430,"minecraft:yellow_bed":6,"minecraft:coal_ore":25,"minecraft:oak_log":231,"minecraft:gravel":273,"minecraft:dirt":226,"minecraft:cobweb":1,"minecraft:netherrack":41,"minecraft:oak_leaves":33,"minecraft:deepslate":24},"minecraft:dropped":{"minecraft:bread":11,"minecraft:iron_ingot":2,"minecraft:iron_sword":1,"minecraft:wheat_seeds":4,"minecraft:mossy_cobblestone":6,"minecraft:crossbow":1,"minecraft:iron_helmet":1,"minecraft:cobblestone":4,"minecraft:leather":1,"minecraft:apple":1,"minecraft:flint":3,"minecraft:stick":1,"minecraft:cobblestone_stairs":1,"minecraft:oxeye_daisy":9,"minecraft:dirt":2,"minecraft:light_gray_stained_glass":78,"minecraft:oak_stairs":2,"minecraft:iron_pickaxe":1,"minecraft:string":3,"minecraft:bucket":1,"minecraft:bone":1,"minecraft:gravel":6,"minecraft:raw_copper":3,"minecraft:birch_sapling":6,"minecraft:pointed_dripstone":10,"minecraft:rotten_flesh":9,"minecraft:iron_boots":1,"minecraft:stripped_oak_log":1,"minecraft:azure_bluet":11,"minecraft:carrot":2011,"minecraft:blast_furnace":1,"minecraft:shield":1,"minecraft:gunpowder":1,"minecraft:spruce_trapdoor":54,"minecraft:spruce_planks":6,"minecraft:iron_chestplate":1,"minecraft:oak_sapling":14,"minecraft:glass":212,"minecraft:stone_pickaxe":1},"minecraft:killed":{"minecraft:cave_spider":1,"minecraft:spider":3,"minecraft:slime":14,"minecraft:skeleton":13,"minecraft:pig":16,"minecraft:wandering_trader":1,"minecraft:creeper":4,"minecraft:sheep":11,"minecraft:pillager":10,"minecraft:zombie":14,"minecraft:cow":1},"minecraft:custom":{"minecraft:mob_kills":88,"minecraft:interact_with_anvil":2,"minecraft:interact_with_crafting_table":31,"minecraft:bell_ring":1,"minecraft:climb_one_cm":436,"minecraft:leave_game":18,"minecraft:time_since_death":313946,"minecraft:sprint_one_cm":1431784,"minecraft:walk_one_cm":877604,"minecraft:damage_blocked_by_shield":3811,"minecraft:drop":142,"minecraft:talked_to_villager":256,"minecraft:play_time":441055,"minecraft:deaths":3,"minecraft:sneak_time":17991,"minecraft:walk_under_water_one_cm":19068,"minecraft:boat_one_cm":4305,"minecraft:jump":8387,"minecraft:walk_on_water_one_cm":33708,"minecraft:total_world_time":441055,"minecraft:interact_with_furnace":68,"minecraft:traded_with_villager":861,"minecraft:sleep_in_bed":30,"minecraft:time_since_rest":13846,"minecraft:damage_taken":3012,"minecraft:damage_dealt":12990,"minecraft:swim_one_cm":34992,"minecraft:fly_one_cm":1879270,"minecraft:player_kills":1,"minecraft:open_chest":261,"minecraft:crouch_one_cm":54868,"minecraft:fall_one_cm":200262,"minecraft:use_cauldron":3,"minecraft:horse_one_cm":7913},"minecraft:used":{"minecraft:flint_and_steel":1,"minecraft:chiseled_deepslate":1,"minecraft:stone_sword":122,"minecraft:iron_shovel":147,"minecraft:polished_deepslate":1,"minecraft:spruce_slab":1,"minecraft:stone_shovel":132,"minecraft:diamond_hoe":325,"minecraft:chest":2,"minecraft:spruce_planks":3,"minecraft:shield":79,"minecraft:iron_sword":33,"minecraft:sculk":3,"minecraft:netherrack":56,"minecraft:iron_chestplate":1,"minecraft:torch":63,"minecraft:dirt":473,"minecraft:mutton":6,"minecraft:carrot":421,"minecraft:obsidian":11,"minecraft:lava_bucket":4,"minecraft:bookshelf":9,"minecraft:light_gray_stained_glass":330,"minecraft:oak_stairs":1,"minecraft:iron_helmet":1,"minecraft:iron_boots":3,"minecraft:golden_carrot":13,"minecraft:oak_sapling":1,"minecraft:furnace":6,"minecraft:egg":1,"minecraft:cobbled_deepslate":23,"minecraft:iron_leggings":2,"minecraft:pointed_dripstone":4,"minecraft:cooked_mutton":7,"minecraft:water_bucket":32,"minecraft:diorite":1,"minecraft:cobblestone_stairs":3,"minecraft:stone_pickaxe":111,"minecraft:oak_planks":16,"minecraft:wooden_pickaxe":25,"minecraft:cauldron":4,"minecraft:diamond_axe":803,"minecraft:fletching_table":7,"minecraft:white_wool":2,"minecraft:mossy_cobblestone":1,"minecraft:crafting_table":8,"minecraft:red_bed":1,"minecraft:crossbow":1,"minecraft:white_bed":7,"minecraft:spruce_log":2,"minecraft:oak_log":7,"minecraft:diamond_pickaxe":177,"minecraft:apple":1,"minecraft:diamond_shovel":929,"minecraft:bread":11,"minecraft:iron_pickaxe":119,"minecraft:lectern":110,"minecraft:spruce_trapdoor":8,"minecraft:spruce_sapling":267,"minecraft:gravel":24,"minecraft:stone_axe":223,"minecraft:diamond_sword":62,"minecraft:cobblestone":97,"minecraft:cooked_porkchop":33,"minecraft:bucket":37,"minecraft:yellow_bed":5,"minecraft:gray_wool":1,"minecraft:bone_meal":698},"minecraft:picked_up":{"minecraft:chiseled_deepslate":1,"minecraft:crafting_table":8,"minecraft:iron_chestplate":2,"minecraft:azure_bluet":19,"minecraft:smithing_table":1,"minecraft:wooden_pickaxe":2,"minecraft:oak_stairs":3,"minecraft:brewing_stand":1,"minecraft:shield":2,"minecraft:polished_deepslate":1,"minecraft:string":3,"minecraft:raw_copper":4,"minecraft:iron_leggings":1,"minecraft:iron_shovel":1,"minecraft:cobbled_deepslate":23,"minecraft:bucket":1,"minecraft:spruce_planks":90,"minecraft:beef":1,"minecraft:poppy":10,"minecraft:iron_pickaxe":2,"minecraft:spruce_slab":1,"minecraft:lectern":108,"minecraft:birch_sapling":11,"minecraft:spruce_trapdoor":31,"minecraft:furnace":4,"minecraft:iron_boots":2,"minecraft:egg":1,"minecraft:stick":197,"minecraft:raw_iron":85,"minecraft:torch":99,"minecraft:porkchop":33,"minecraft:pointed_dripstone":17,"minecraft:diorite":2,"minecraft:carrot":2432,"minecraft:stone_shovel":1,"minecraft:rotten_flesh":9,"minecraft:stone_sword":2,"minecraft:arrow":9,"minecraft:obsidian":11,"minecraft:mutton":19,"minecraft:bone_block":64,"minecraft:white_wool":13,"minecraft:cobblestone":175,"minecraft:oxeye_daisy":52,"minecraft:stripped_oak_log":1,"minecraft:birch_log":25,"minecraft:leather":1,"minecraft:potato":14,"minecraft:flint":25,"minecraft:oak_log":246,"minecraft:yellow_bed":6,"minecraft:gunpowder":1,"minecraft:cobblestone_stairs":4,"minecraft:dirt":644,"minecraft:cooked_mutton":4,"minecraft:bone":11,"minecraft:apple":4,"minecraft:wheat_seeds":9,"minecraft:iron_ingot":4,"minecraft:stone_pickaxe":1,"minecraft:fletching_table":7,"minecraft:oak_planks":120,"minecraft:iron_sword":2,"minecraft:book":27,"minecraft:cooked_porkchop":17,"minecraft:gravel":252,"minecraft:spruce_sapling":270,"minecraft:blast_furnace":2,"minecraft:white_bed":7,"minecraft:spruce_log":1972,"minecraft:mossy_cobblestone":7,"minecraft:slime_ball":11,"minecraft:diamond":34,"minecraft:stone_axe":2,"minecraft:iron_helmet":2,"minecraft:crossbow":1,"minecraft:bone_meal":119,"minecraft:gray_wool":1,"minecraft:bread":11,"minecraft:netherrack":685,"minecraft:oak_sapling":41,"minecraft:coal":65,"minecraft:dark_oak_fence":4},"minecraft:crafted":{"minecraft:golden_carrot":33,"minecraft:oak_planks":1212,"minecraft:stone_shovel":1,"minecraft:light_gray_stained_glass":408,"minecraft:furnace":4,"minecraft:bone_meal":579,"minecraft:diamond_shovel":4,"minecraft:bookshelf":8,"minecraft:flint_and_steel":1,"minecraft:cooked_mutton":7,"minecraft:glass":620,"minecraft:diamond_helmet":1,"minecraft:bow":12,"minecraft:diamond_leggings":1,"minecraft:iron_boots":1,"minecraft:spruce_slab":6,"minecraft:stone_pickaxe":1,"minecraft:chest":2,"minecraft:diamond_boots":1,"minecraft:red_dye":1,"minecraft:crossbow":7,"minecraft:diamond_sword":1,"minecraft:arrow":64,"minecraft:emerald":640,"minecraft:cauldron":4,"minecraft:cooked_porkchop":33,"minecraft:diamond_axe":2,"minecraft:crafting_table":1,"minecraft:spruce_planks":8908,"minecraft:wooden_pickaxe":1,"minecraft:iron_helmet":1,"minecraft:iron_sword":1,"minecraft:red_bed":1,"minecraft:birch_planks":172,"minecraft:bucket":1,"minecraft:stone_axe":15,"minecraft:enchanted_book":6,"minecraft:air":0,"minecraft:lectern":1,"minecraft:iron_chestplate":1,"minecraft:diamond_pickaxe":1,"minecraft:shield":3,"minecraft:stick":19779,"minecraft:iron_ingot":73,"minecraft:iron_pickaxe":1,"minecraft:stone_sword":1,"minecraft:iron_shovel":1,"minecraft:iron_leggings":1,"minecraft:light_gray_dye":51,"minecraft:white_bed":2,"minecraft:torch":12,"minecraft:diamond_chestplate":1},"minecraft:broken":{"minecraft:diamond_axe":1,"minecraft:stone_axe":1,"minecraft:stone_shovel":1}},"DataVersion":3839}