{"stats":{"minecraft:used":{"minecraft:stone_sword":122,"minecraft:iron_shovel":147,"minecraft:chiseled_deepslate":1,"minecraft:polished_deepslate":1,"minecraft:stone_shovel":132,"minecraft:chest":2,"minecraft:shield":79,"minecraft:iron_sword":33,"minecraft:sculk":3,"minecraft:iron_chestplate":1,"minecraft:torch":21,"minecraft:dirt":5,"minecraft:mutton":6,"minecraft:bookshelf":1,"minecraft:oak_stairs":1,"minecraft:iron_helmet":1,"minecraft:iron_boots":3,"minecraft:oak_sapling":1,"minecraft:furnace":6,"minecraft:egg":1,"minecraft:cobbled_deepslate":23,"minecraft:iron_leggings":2,"minecraft:cooked_mutton":7,"minecraft:diorite":1,"minecraft:stone_pickaxe":111,"minecraft:oak_planks":16,"minecraft:wooden_pickaxe":25,"minecraft:fletching_table":7,"minecraft:diamond_axe":404,"minecraft:white_wool":2,"minecraft:crafting_table":8,"minecraft:red_bed":1,"minecraft:crossbow":1,"minecraft:white_bed":7,"minecraft:diamond_pickaxe":16,"minecraft:bread":11,"minecraft:iron_pickaxe":119,"minecraft:spruce_sapling":33,"minecraft:gravel":24,"minecraft:stone_axe":24,"minecraft:diamond_sword":9,"minecraft:cobblestone":56,"minecraft:cooked_porkchop":21,"minecraft:gray_wool":1,"minecraft:bone_meal":3},"minecraft:broken":{"minecraft:stone_shovel":1},"minecraft:custom":{"minecraft:mob_kills":58,"minecraft:interact_with_crafting_table":19,"minecraft:leave_game":6,"minecraft:time_since_death":50802,"minecraft:sprint_one_cm":666303,"minecraft:walk_one_cm":265672,"minecraft:damage_blocked_by_shield":3811,"minecraft:drop":34,"minecraft:talked_to_villager":35,"minecraft:play_time":177911,"minecraft:deaths":3,"minecraft:sneak_time":6947,"minecraft:walk_under_water_one_cm":8025,"minecraft:jump":4770,"minecraft:walk_on_water_one_cm":23835,"minecraft:total_world_time":177911,"minecraft:interact_with_furnace":57,"minecraft:traded_with_villager":119,"minecraft:sleep_in_bed":11,"minecraft:time_since_rest":8335,"minecraft:damage_taken":2300,"minecraft:damage_dealt":9456,"minecraft:swim_one_cm":32567,"minecraft:fly_one_cm":1105564,"minecraft:player_kills":1,"minecraft:open_chest":74,"minecraft:crouch_one_cm":17105,"minecraft:fall_one_cm":131340,"minecraft:horse_one_cm":7913},"minecraft:dropped":{"minecraft:iron_ingot":2,"minecraft:bread":11,"minecraft:iron_sword":1,"minecraft:wheat_seeds":1,"minecraft:crossbow":1,"minecraft:iron_helmet":1,"minecraft:apple":1,"minecraft:flint":3,"minecraft:iron_pickaxe":1,"minecraft:string":3,"minecraft:bone":1,"minecraft:raw_copper":3,"minecraft:birch_sapling":2,"minecraft:pointed_dripstone":7,"minecraft:rotten_flesh":3,"minecraft:iron_boots":1,"minecraft:blast_furnace":1,"minecraft:shield":1,"minecraft:iron_chestplate":1,"minecraft:oak_sapling":2,"minecraft:stone_pickaxe":1},"minecraft:killed_by":{"minecraft:pillager":2,"minecraft:skeleton":1},"minecraft:mined":{"minecraft:white_bed":6,"minecraft:deepslate_diamond_ore":34,"minecraft:brewing_stand":1,"minecraft:dark_oak_fence":6,"minecraft:grass_block":2,"minecraft:spruce_leaves":67,"minecraft:spawner":2,"minecraft:spruce_sapling":1,"minecraft:furnace":4,"minecraft:iron_ore":49,"minecraft:chiseled_deepslate":1,"minecraft:fletching_table":7,"minecraft:polished_deepslate":1,"minecraft:bookshelf":1,"minecraft:pointed_dripstone":2,"minecraft:deepslate_iron_ore":24,"minecraft:oak_stairs":3,"minecraft:stone":95,"minecraft:smithing_table":1,"minecraft:glass_pane":1,"minecraft:crafting_table":7,"minecraft:torch":14,"minecraft:short_grass":36,"minecraft:poppy":1,"minecraft:tall_grass":1,"minecraft:copper_ore":1,"minecraft:oak_planks":37,"minecraft:diorite":2,"minecraft:seagrass":1,"minecraft:gray_wool":1,"minecraft:birch_log":25,"minecraft:spruce_log":165,"minecraft:oak_log":190,"minecraft:coal_ore":25,"minecraft:gravel":273,"minecraft:dirt":4,"minecraft:cobweb":1,"minecraft:oak_leaves":33,"minecraft:deepslate":24},"minecraft:picked_up":{"minecraft:chiseled_deepslate":1,"minecraft:crafting_table":8,"minecraft:iron_chestplate":2,"minecraft:smithing_table":1,"minecraft:wooden_pickaxe":2,"minecraft:oak_stairs":1,"minecraft:brewing_stand":1,"minecraft:shield":2,"minecraft:polished_deepslate":1,"minecraft:string":3,"minecraft:raw_copper":4,"minecraft:iron_leggings":1,"minecraft:iron_shovel":1,"minecraft:cobbled_deepslate":23,"minecraft:poppy":9,"minecraft:iron_pickaxe":2,"minecraft:birch_sapling":7,"minecraft:furnace":4,"minecraft:egg":1,"minecraft:iron_boots":2,"minecraft:stick":44,"minecraft:raw_iron":85,"minecraft:torch":84,"minecraft:porkchop":33,"minecraft:pointed_dripstone":7,"minecraft:diorite":2,"minecraft:rotten_flesh":3,"minecraft:stone_sword":2,"minecraft:arrow":7,"minecraft:stone_shovel":1,"minecraft:mutton":19,"minecraft:white_wool":13,"minecraft:cobblestone":101,"minecraft:birch_log":25,"minecraft:flint":25,"minecraft:oak_log":190,"minecraft:dirt":6,"minecraft:cooked_mutton":4,"minecraft:bone":9,"minecraft:apple":3,"minecraft:wheat_seeds":5,"minecraft:iron_ingot":3,"minecraft:stone_pickaxe":1,"minecraft:fletching_table":7,"minecraft:iron_sword":2,"minecraft:oak_planks":57,"minecraft:book":3,"minecraft:cooked_porkchop":17,"minecraft:gravel":252,"minecraft:spruce_sapling":36,"minecraft:blast_furnace":2,"minecraft:white_bed":7,"minecraft:spruce_log":165,"minecraft:diamond":34,"minecraft:stone_axe":2,"minecraft:iron_helmet":2,"minecraft:crossbow":1,"minecraft:gray_wool":1,"minecraft:bread":11,"minecraft:oak_sapling":24,"minecraft:dark_oak_fence":4,"minecraft:coal":65},"minecraft:crafted":{"minecraft:oak_planks":760,"minecraft:stone_shovel":1,"minecraft:furnace":4,"minecraft:bone_meal":3,"minecraft:bookshelf":1,"minecraft:cooked_mutton":7,"minecraft:diamond_helmet":1,"minecraft:bow":12,"minecraft:diamond_leggings":1,"minecraft:iron_boots":1,"minecraft:stone_pickaxe":1,"minecraft:chest":2,"minecraft:diamond_boots":1,"minecraft:red_dye":1,"minecraft:crossbow":7,"minecraft:diamond_sword":1,"minecraft:arrow":64,"minecraft:emerald":94,"minecraft:cooked_porkchop":33,"minecraft:diamond_axe":1,"minecraft:crafting_table":1,"minecraft:spruce_planks":660,"minecraft:wooden_pickaxe":1,"minecraft:iron_helmet":1,"minecraft:iron_sword":1,"minecraft:red_bed":1,"minecraft:birch_planks":100,"minecraft:stone_axe":1,"minecraft:enchanted_book":1,"minecraft:air":0,"minecraft:iron_chestplate":1,"minecraft:diamond_pickaxe":1,"minecraft:shield":2,"minecraft:stick":3000,"minecraft:iron_ingot":73,"minecraft:iron_pickaxe":1,"minecraft:stone_sword":1,"minecraft:iron_shovel":1,"minecraft:iron_leggings":1,"minecraft:white_bed":2,"minecraft:torch":12,"minecraft:diamond_chestplate":1},"minecraft:killed":{"minecraft:cave_spider":1,"minecraft:spider":2,"minecraft:skeleton":9,"minecraft:pig":16,"minecraft:sheep":11,"minecraft:pillager":10,"minecraft:zombie":9}},"DataVersion":3839}